t,R_c
0.000000000000000000e+00,5.302120848339336029e-02
9.862383194558788091e-07,5.302120848339336029e-02
1.954287199623649940e-06,5.302120848339336029e-02
2.959883431685739197e-06,5.302120848339336029e-02
3.996442046627635136e-06,5.302120848339336029e-02
4.940621693094726652e-06,5.302120848339336029e-02
5.966603566776029766e-06,5.302120848339336029e-02
6.948347618163097650e-06,5.302120848339336029e-02
7.973825631779618561e-06,6.302521008403361158e-02
8.981266546470578760e-06,6.302521008403361158e-02
9.980066351999994367e-06,6.302521008403361158e-02
1.096839423553319648e-05,6.502601040416167155e-02
1.199216876557329670e-05,7.102841136454582371e-02
1.298862662224564701e-05,7.503001200480192978e-02
1.399157918058335781e-05,7.703081232492997588e-02
1.495855030952952802e-05,8.203281312525009805e-02
1.596909351064823568e-05,8.703481392557023411e-02
1.697268999123480171e-05,9.203681472589035628e-02
1.796382093743886799e-05,9.703881552621049233e-02
1.898620575957465917e-05,1.010404161664665845e-01
1.998705920414067805e-05,1.050420168067226906e-01
2.096445859933737665e-05,1.050420168067226906e-01
2.196778768848162144e-05,1.070428171268507506e-01
2.299646621395368129e-05,1.110444177671068428e-01
2.399400000285822898e-05,1.150460184073629488e-01
2.495632725185714662e-05,1.190476190476190549e-01
2.599183972051832825e-05,1.230492196878751610e-01
2.697502713999710977e-05,1.260504201680672232e-01
2.796311491692904383e-05,1.300520208083233431e-01
2.895606849051546305e-05,1.340536214485794353e-01
2.995590693899430335e-05,1.390556222488995575e-01
3.096440195804461837e-05,1.560624249699880117e-01
3.198337071808055043e-05,1.560624249699880117e-01
3.295335045550018549e-05,1.570628251300520140e-01
3.399697743589058518e-05,1.580632252901160439e-01
3.499262311379425228e-05,1.580632252901160439e-01
3.593901783460751176e-05,1.580632252901160439e-01
3.696396015584468842e-05,1.580632252901160439e-01
3.794094664044678211e-05,1.590636254501800739e-01
3.893493340001441538e-05,1.600640256102441039e-01
3.994720827904529870e-05,1.620648259303721639e-01
4.097908458788879216e-05,1.640656262505001961e-01
4.196104782749898732e-05,1.670668267306922861e-01
4.296240877010859549e-05,1.700680272108843483e-01
4.398431701702065766e-05,1.720688275310124082e-01
4.495258326642215252e-05,1.750700280112044982e-01
4.594029451254755259e-05,1.930772308923569547e-01
4.694814924732781947e-05,1.930772308923569547e-01
4.797677684109658003e-05,1.950780312124850147e-01
4.894482117379084229e-05,2.150860344137655034e-01
4.992612230125814676e-05,2.170868347338935633e-01
5.091946513857692480e-05,2.170868347338935633e-01
5.192500248085707426e-05,2.190876350540216233e-01
5.294290531310252845e-05,2.190876350540216233e-01
5.397336644819006324e-05,2.200880352140856533e-01
5.492918353411369026e-05,2.200880352140856533e-01
5.598361167358234525e-05,2.210884353741496555e-01
5.695941945305094123e-05,2.210884353741496555e-01
5.794414028059691191e-05,2.210884353741496555e-01
5.893790876143611968e-05,2.210884353741496555e-01
5.994086677674204111e-05,2.210884353741496555e-01
6.095312710385769606e-05,2.230892356942777155e-01
6.197477341629564762e-05,2.230892356942777155e-01
6.291176396189257503e-05,2.230892356942777155e-01
6.395155651262030005e-05,2.230892356942777155e-01
6.490515806945040822e-05,2.230892356942777155e-01
6.596055754926055670e-05,2.240896358543417455e-01
6.692454189760610461e-05,2.460984393757503219e-01
6.798983667977154255e-05,2.460984393757503219e-01
6.896267586853355169e-05,2.470988395358143241e-01
6.993966962909325957e-05,2.490996398559423841e-01
7.092077430570498109e-05,2.490996398559423841e-01
7.190596807049587369e-05,2.511004401760704163e-01
7.299443677766248584e-05,2.561024409763905663e-01
7.398836896754801273e-05,2.741096438575430505e-01
7.498658669646829367e-05,2.741096438575430505e-01
7.598916272399947047e-05,2.761104441776710550e-01
7.699616980971768498e-05,2.781112444977991149e-01
7.790629024384543300e-05,2.801120448179271749e-01
7.892178109614178538e-05,2.801120448179271749e-01
7.994176849024370313e-05,2.801120448179271749e-01
8.096625242615118623e-05,2.801120448179271749e-01
8.199523290386423469e-05,2.821128451380552349e-01
8.292517304653301835e-05,2.831132452981192649e-01
8.396275370614603162e-05,2.851140456182473248e-01
8.490049367537721992e-05,2.851140456182473248e-01
8.594682731200009584e-05,2.861144457783113548e-01
8.699775935383513570e-05,2.861144457783113548e-01
8.794754830887541175e-05,2.861144457783113548e-01
8.890116441762074828e-05,2.861144457783113548e-01
8.996534597827121615e-05,2.861144457783113548e-01
9.092735126614570618e-05,2.861144457783113548e-01
9.189344564219936728e-05,3.001200480192077191e-01
9.297173528466373682e-05,3.001200480192077191e-01
9.394656808581203222e-05,3.001200480192077191e-01
9.492557001067325473e-05,3.001200480192077191e-01
9.590871923137456179e-05,3.021208483393357236e-01
9.689600847195833921e-05,3.021208483393357236e-01
9.799787221709266305e-05,3.041216486594637836e-01
9.899394353851675987e-05,3.061224489795918435e-01
9.999422036344185472e-05,3.081232492997199035e-01
1.009987463476136327e-04,3.081232492997199035e-01
1.018952898448333144e-04,3.101240496198479635e-01
1.029080594889819622e-04,3.161264505802320879e-01
1.039253329508937895e-04,3.181272509003601479e-01
1.049472266458906233e-04,3.221288515406162678e-01
1.059738497133366764e-04,3.391356542617047221e-01
1.068904603016562760e-04,3.391356542617047221e-01
1.079262656276114285e-04,3.391356542617047221e-01
1.089670258807018399e-04,3.391356542617047221e-01
1.098963257391005754e-04,3.411364545818327265e-01
1.109464938053861260e-04,3.411364545818327265e-01
1.118841755669564009e-04,3.411364545818327265e-01
1.129437878262251616e-04,3.411364545818327265e-01
1.138898733188398182e-04,3.431372549019607865e-01
1.149589807027950883e-04,3.431372549019607865e-01
1.159135572379454970e-04,3.441376550620248165e-01
1.169922907138243318e-04,3.451380552220888465e-01
1.179555110866203904e-04,3.471388555422169064e-01
1.189228496514260769e-04,3.471388555422169064e-01
1.198943500639870763e-04,3.471388555422169064e-01
1.209923357237130404e-04,3.511404561824730264e-01
1.219728801515884697e-04,3.531412565026010308e-01
1.229577901540324092e-04,3.531412565026010308e-01
1.239471457665786147e-04,3.551420568227290908e-01
1.249410270247608423e-04,3.551420568227290908e-01
1.259395503439009190e-04,3.551420568227290908e-01
1.269427448278293014e-04,3.551420568227290908e-01
1.279506977880373597e-04,3.551420568227290908e-01
1.289634528802707791e-04,3.571428571428571508e-01
1.299810683121904731e-04,3.571428571428571508e-01
1.308755017817020416e-04,3.591436574629852108e-01
1.319032890023663640e-04,3.611444577831132707e-01
1.329371152678504586e-04,3.681472589035614251e-01
1.339739683317020535e-04,3.701480592236894851e-01
1.348835357930511236e-04,3.701480592236894851e-01
1.359257585136219859e-04,3.741496598639456050e-01
1.369709061691537499e-04,3.741496598639456050e-01
1.378878368996083736e-04,3.761504601840736650e-01
1.389386161463335156e-04,3.771508603441376950e-01
1.399925386067479849e-04,3.791516606642656995e-01
1.409174001310020685e-04,3.851540616246498794e-01
1.419775217073038220e-04,3.891556622649059993e-01
1.429079566150903702e-04,3.891556622649059993e-01
1.439746556570753455e-04,3.911564625850340038e-01
1.449110277462750673e-04,3.911564625850340038e-01
1.459846826037392020e-04,3.971588635454181837e-01
1.469273120164871216e-04,3.971588635454181837e-01
1.478729536756873131e-04,3.971588635454181837e-01
1.489574933657422662e-04,4.021608643457383336e-01
1.499111094744876027e-04,4.021608643457383336e-01
1.508717687102034688e-04,4.021608643457383336e-01
1.519796205684542656e-04,4.021608643457383336e-01
1.529586588731035590e-04,4.051620648259303681e-01
1.539481891086325049e-04,4.051620648259303681e-01
1.549490261822938919e-04,4.081632653061224580e-01
1.559619850013405085e-04,4.081632653061224580e-01
1.569879241287708282e-04,4.101640656262505180e-01
1.578782539581879973e-04,4.101640656262505180e-01
1.589304883964359760e-04,4.111644657863145480e-01
1.599980460014194250e-04,4.131652661064426080e-01
1.609258470125496387e-04,4.161664665866346979e-01
1.618659152882173657e-04,4.161664665866346979e-01
1.629785983823239803e-04,4.191676670668267324e-01
1.639454567339271307e-04,4.191676670668267324e-01
1.649246405577287078e-04,4.211684673869547924e-01
1.659166591707617044e-04,4.211684673869547924e-01
1.669220364419743419e-04,4.241696678671468823e-01
1.679413981037214398e-04,4.261704681872749423e-01
1.689753844402730465e-04,4.281712685074030023e-01
1.698487321846187115e-04,4.281712685074030023e-01
1.709089556243270636e-04,4.281712685074030023e-01
1.719739520922303200e-04,4.311724689875950367e-01
1.728645875118672848e-04,4.311724689875950367e-01
1.739384315442293882e-04,4.341736694677871267e-01
1.748399226926267147e-04,4.371748699479792166e-01
1.759300794219598174e-04,4.371748699479792166e-01
1.768457586877048016e-04,4.401760704281713066e-01
1.779535232344642282e-04,4.401760704281713066e-01
1.788843364920467138e-04,4.401760704281713066e-01
1.798223966034129262e-04,4.461784713885554310e-01
1.809599343687295914e-04,4.461784713885554310e-01
1.819187455112114549e-04,4.461784713885554310e-01
1.828878739615902305e-04,4.481792717086834910e-01
1.838677853811532259e-04,4.481792717086834910e-01
1.848589308792725205e-04,4.561824729891956753e-01
1.858617906691506505e-04,4.561824729891956753e-01
1.868768449639901519e-04,4.561824729891956753e-01
1.879046030808240175e-04,4.591836734693877653e-01
1.889456034405156970e-04,4.611844737895158253e-01
1.897883339552208781e-04,4.611844737895158253e-01
1.908546400954946876e-04,4.631852741096438852e-01
1.919358619488775730e-04,4.661864745898359752e-01
1.928120327647775412e-04,4.661864745898359752e-01
1.939218200277537107e-04,4.681872749099639797e-01
1.948218123288825154e-04,4.691876750700280096e-01
1.959626679308712482e-04,4.711884753901560696e-01
1.968885771930217743e-04,4.721888755502200996e-01
1.978267537197098136e-04,4.721888755502200996e-01
1.987776631722226739e-04,4.721888755502200996e-01
1.999842497752979398e-04,4.751900760304121896e-01
2.009571035159751773e-04,4.781912765106042795e-01
2.019335515797138214e-04,4.781912765106042795e-01
2.029134484473615885e-04,4.781912765106042795e-01
2.038968814304098487e-04,4.811924769907963140e-01
2.048840979114174843e-04,4.821928771508603440e-01
2.058764948742464185e-04,4.841936774709884039e-01
2.068745670840144157e-04,4.841936774709884039e-01
2.078785473713651299e-04,4.871948779511804939e-01
2.088886394631117582e-04,4.891956782713085539e-01
2.099058037856593728e-04,4.891956782713085539e-01
2.109311608364805579e-04,4.931972789115646183e-01
2.119651908287778497e-04,4.931972789115646183e-01
2.127476618625223637e-04,4.931972789115646183e-01
2.138011623173952103e-04,4.961984793917567083e-01
2.148668572772294283e-04,4.961984793917567083e-01
2.159452851628884673e-04,4.961984793917567083e-01
2.167628263123333454e-04,4.981992797118847682e-01
2.178649447159841657e-04,5.002000800320127727e-01
2.189813967561349273e-04,5.002000800320127727e-01
2.198285219492390752e-04,5.002000800320127727e-01
2.209715603385120630e-04,5.032012805122049182e-01
2.218393201474100351e-04,5.032012805122049182e-01
2.227163786301389337e-04,5.062024809923969526e-01
2.239007153548300266e-04,5.072028811524610381e-01
2.248005475848913193e-04,5.072028811524610381e-01
2.257106243632733822e-04,5.092036814725890981e-01
2.269404940307140350e-04,5.142056822729091925e-01
2.278756146552041173e-04,5.142056822729091925e-01
2.288219984620809555e-04,5.172068827531012269e-01
2.297799364896491170e-04,5.202080832332933724e-01
2.307471731910482049e-04,5.202080832332933724e-01
2.317175094503909349e-04,5.202080832332933724e-01
2.326908143004402518e-04,5.212084833933573469e-01
2.339933416806161404e-04,5.252100840336134668e-01
2.349739370401948690e-04,5.252100840336134668e-01
2.359576610615476966e-04,5.282112845138055013e-01
2.369445865042507648e-04,5.282112845138055013e-01
2.379347715759649873e-04,5.292116846738695868e-01
2.389283035881817341e-04,5.322128851540616212e-01
2.399252989562228322e-04,5.322128851540616212e-01
2.409258304396644235e-04,5.322128851540616212e-01
2.419299999019131064e-04,5.322128851540616212e-01
2.429378946544602513e-04,5.362144857943177412e-01
2.439496311126276851e-04,5.362144857943177412e-01
2.449660678394138813e-04,5.362144857943177412e-01
2.459877287037670612e-04,5.372148859543818267e-01
2.466725127305835485e-04,5.392156862745097756e-01
2.477056696079671383e-04,5.422168867547019211e-01
2.487464225850999355e-04,5.422168867547019211e-01
2.497962268535047770e-04,5.422168867547019211e-01
2.508558682166039944e-04,5.422168867547019211e-01
2.519257250241935253e-04,5.422168867547019211e-01
2.526448515709489584e-04,5.422168867547019211e-01
2.537326945457607508e-04,5.492196878751500755e-01
2.548318880144506693e-04,5.492196878751500755e-01
2.559428685344755650e-04,5.492196878751500755e-01
2.566902840044349432e-04,5.492196878751500755e-01
2.578218991402536631e-04,5.492196878751500755e-01
2.589665527921169996e-04,5.522208883553421099e-01
2.597371349111199379e-04,5.522208883553421099e-01
2.609046059660613537e-04,5.522208883553421099e-01
2.616909041535109282e-04,5.532212885154061954e-01
2.628827060107141733e-04,5.532212885154061954e-01
2.636857097968459129e-04,5.572228891556623154e-01
2.649033849593251944e-04,5.572228891556623154e-01
2.657241420820355415e-04,5.572228891556623154e-01
2.669692330528050661e-04,5.602240896358543498e-01
2.678088494576513767e-04,5.602240896358543498e-01
2.686562947928905487e-04,5.602240896358543498e-01
2.699425967875868082e-04,5.682272909163665897e-01
2.708066313061863184e-04,5.682272909163665897e-01
2.716725866775959730e-04,5.692276910764305642e-01
2.729752450250089169e-04,5.722288915566227097e-01
2.738462062552571297e-04,5.722288915566227097e-01
2.747192338574677706e-04,5.722288915566227097e-01
2.755943278316408396e-04,5.732292917166866841e-01
2.769110724329948425e-04,5.732292917166866841e-01
2.777917543426156044e-04,5.732292917166866841e-01
2.786748809739947319e-04,5.772308923569428041e-01
2.795606851577758789e-04,5.802320928371348385e-01
2.808955614455044270e-04,5.802320928371348385e-01
2.817895729094743729e-04,5.802320928371348385e-01
2.826863492373377085e-04,5.812324929971989240e-01
2.835858031176030636e-04,5.812324929971989240e-01
2.849401498679071665e-04,5.852340936374550440e-01
2.858465304598212242e-04,5.852340936374550440e-01
2.867557632271200418e-04,5.852340936374550440e-01
2.876679354812949896e-04,5.852340936374550440e-01
2.885830472223460674e-04,5.852340936374550440e-01
2.899619867093861103e-04,5.882352941176470784e-01
2.908860915340483189e-04,5.882352941176470784e-01
2.918141253758221865e-04,5.882352941176470784e-01
2.927461755461990833e-04,5.892356942777110529e-01
2.936823293566703796e-04,5.892356942777110529e-01
2.946227323263883591e-04,5.892356942777110529e-01
2.955681993626058102e-04,5.912364945978391129e-01
2.969972556456923485e-04,5.912364945978391129e-01
2.979586133733391762e-04,5.942376950780312583e-01
2.989272470586001873e-04,5.942376950780312583e-01
2.999033313244581223e-04,5.942376950780312583e-01
3.008870407938957214e-04,5.942376950780312583e-01
3.018786374013870955e-04,5.942376950780312583e-01
3.028782666660845280e-04,5.952380952380952328e-01
3.038861614186316729e-04,5.962384953981593183e-01
3.049025544896721840e-04,5.992396958783513528e-01
3.059276496060192585e-04,5.992396958783513528e-01
3.069617087021470070e-04,5.992396958783513528e-01
3.074821725022047758e-04,5.992396958783513528e-01
3.085300850216299295e-04,6.022408963585433872e-01
3.095876018051058054e-04,6.022408963585433872e-01
3.106549556832760572e-04,6.022408963585433872e-01
3.117324376944452524e-04,6.102440976390556271e-01
3.128203679807484150e-04,6.102440976390556271e-01
3.139189793728291988e-04,6.102440976390556271e-01
3.144724178127944469e-04,6.102440976390556271e-01
3.155877056997269392e-04,6.102440976390556271e-01
3.167144895996898413e-04,6.102440976390556271e-01
3.178530896548181772e-04,6.142456982793117470e-01
3.184269298799335957e-04,6.142456982793117470e-01
3.195821191184222698e-04,6.152460984393757215e-01
3.207408881280571222e-04,6.152460984393757215e-01
3.219026839360594749e-04,6.152460984393757215e-01
3.224847896490246058e-04,6.152460984393757215e-01
3.236513875890523195e-04,6.152460984393757215e-01
3.248213324695825577e-04,6.182472989195678670e-01
3.259946824982762337e-04,6.192476990796318415e-01
3.265826380811631680e-04,6.192476990796318415e-01
3.277611685916781425e-04,6.192476990796318415e-01
3.289432206656783819e-04,6.222488995598239869e-01
3.295356291346251965e-04,6.222488995598239869e-01
3.307231818325817585e-04,6.242496998799520469e-01
3.319145180284976959e-04,6.242496998799520469e-01
3.325116413179785013e-04,6.242496998799520469e-01
3.337089146953076124e-04,6.282513005202080558e-01
3.349102044012397528e-04,6.282513005202080558e-01
3.355123917572200298e-04,6.282513005202080558e-01
3.367197932675480843e-04,6.282513005202080558e-01
3.379312402103096247e-04,6.282513005202080558e-01
3.385385207366198301e-04,6.282513005202080558e-01
3.397567779757082462e-04,6.302521008403361158e-01
3.409805358387529850e-04,6.322529011604641758e-01
3.415945102460682392e-04,6.322529011604641758e-01
3.428267955314368010e-04,6.332533013205282613e-01
3.434451355133205652e-04,6.332533013205282613e-01
3.446863265708088875e-04,6.332533013205282613e-01
3.459336876403540373e-04,6.372549019607843812e-01
3.465597110334783792e-04,6.392557022809124412e-01
3.478165599517524242e-04,6.392557022809124412e-01
3.484474727883934975e-04,6.422569027611044756e-01
3.497153811622411013e-04,6.422569027611044756e-01
3.509915841277688742e-04,6.432573029211684501e-01
3.516328579280525446e-04,6.462585034013605956e-01
3.529218956828117371e-04,6.462585034013605956e-01
3.535697178449481726e-04,6.462585034013605956e-01
3.548721142578870058e-04,6.462585034013605956e-01
3.555267176125198603e-04,6.462585034013605956e-01
3.568429674487560987e-04,6.462585034013605956e-01
3.575046430341899395e-04,6.462585034013605956e-01
3.588352701626718044e-04,6.502601040416167155e-01
3.595046873670071363e-04,6.502601040416167155e-01
3.608532424550503492e-04,6.502601040416167155e-01
3.615324967540800571e-04,6.502601040416167155e-01
3.629011916927993298e-04,6.502601040416167155e-01
3.635907487478107214e-04,6.502601040416167155e-01
3.649804857559502125e-04,6.502601040416167155e-01
3.656807821244001389e-04,6.502601040416167155e-01
3.663847746793180704e-04,6.502601040416167155e-01
3.678040229715406895e-04,6.542617046818727244e-01
3.685193369165062904e-04,6.542617046818727244e-01
3.699616063386201859e-04,6.542617046818727244e-01
3.706886782310903072e-04,6.542617046818727244e-01
3.714197373483330011e-04,6.542617046818727244e-01
3.728942538145929575e-04,6.552621048419368099e-01
3.736378275789320469e-04,6.552621048419368099e-01
3.743856505025178194e-04,6.582633053221288444e-01
3.758944803848862648e-04,6.582633053221288444e-01
3.766555746551603079e-04,6.582633053221288444e-01
3.774205688387155533e-04,6.582633053221288444e-01
3.789542242884635925e-04,6.582633053221288444e-01
3.797229146584868431e-04,6.582633053221288444e-01
3.804929147008806467e-04,6.582633053221288444e-01
3.812641953118145466e-04,6.582633053221288444e-01
3.828107146546244621e-04,6.602641056422569044e-01
3.835859824903309345e-04,6.602641056422569044e-01
3.843626182060688734e-04,6.712685074029611787e-01
3.859199932776391506e-04,6.752701080432172986e-01
3.867007908411324024e-04,6.752701080432172986e-01
3.874830435961484909e-04,6.752701080432172986e-01
3.882667515426874161e-04,6.752701080432172986e-01
3.898386203218251467e-04,6.752701080432172986e-01
3.906268393620848656e-04,6.752701080432172986e-01
3.914165718015283346e-04,6.802721088435373931e-01
3.922078758478164673e-04,6.802721088435373931e-01
3.937952278647571802e-04,6.802721088435373931e-01
3.945912758354097605e-04,6.802721088435373931e-01
3.953889827243983746e-04,6.802721088435373931e-01
3.969893732573837042e-04,6.802721088435373931e-01
3.977921151090413332e-04,6.802721088435373931e-01
3.985966031905263662e-04,6.802721088435373931e-01
3.994028375018388033e-04,6.802721088435373931e-01
4.002108180429786444e-04,6.802721088435373931e-01
4.018321342300623655e-04,6.802721088435373931e-01
4.026454989798367023e-04,6.802721088435373931e-01
4.034606681670993567e-04,6.802721088435373931e-01
4.042776126880198717e-04,6.802721088435373931e-01
4.059166240040212870e-04,6.802721088435373931e-01
4.067386907991021872e-04,6.802721088435373931e-01
4.075625329278409481e-04,6.842737094837935130e-01
4.083881212864071131e-04,6.842737094837935130e-01
4.092154849786311388e-04,6.842737094837935130e-01
4.108757129870355129e-04,6.842737094837935130e-01
4.117086355108767748e-04,6.842737094837935130e-01
4.125434788875281811e-04,6.922769107643057529e-01
4.133802722208201885e-04,6.922769107643057529e-01
4.142190155107527971e-04,6.922769107643057529e-01
4.159024974796921015e-04,6.922769107643057529e-01
4.167472652625292540e-04,6.922769107643057529e-01
4.175940994173288345e-04,6.922769107643057529e-01
4.184429999440908432e-04,6.922769107643057529e-01
4.192940250504761934e-04,6.922769107643057529e-01
4.201471456326544285e-04,6.962785114045618728e-01
4.218595568090677261e-04,6.982793117246899328e-01
4.227188474033027887e-04,6.982793117246899328e-01
4.235802625771611929e-04,6.982793117246899328e-01
4.244437732268124819e-04,6.982793117246899328e-01
4.253094666637480259e-04,6.982793117246899328e-01
4.261773137841373682e-04,6.982793117246899328e-01
4.279196436982601881e-04,7.082833133253301217e-01
4.287942138034850359e-04,7.082833133253301217e-01
4.296711122151464224e-04,7.082833133253301217e-01
4.305503680370748043e-04,7.082833133253301217e-01
4.314329125918447971e-04,7.082833133253301217e-01
4.323187458794564009e-04,7.082833133253301217e-01
4.332079261075705290e-04,7.082833133253301217e-01
4.349965602159500122e-04,7.082833133253301217e-01
4.358961596153676510e-04,7.082833133253301217e-01
4.367993387859314680e-04,7.082833133253301217e-01
4.377061850391328335e-04,7.082833133253301217e-01
4.386166983749717474e-04,7.082833133253301217e-01
4.395309078972786665e-04,7.082833133253301217e-01
4.404489009175449610e-04,7.082833133253301217e-01
4.413706774357706308e-04,7.082833133253301217e-01
4.422962956596165895e-04,7.082833133253301217e-01
4.432259884197264910e-04,7.082833133253301217e-01
4.441601631697267294e-04,7.082833133253301217e-01
4.450989363249391317e-04,7.082833133253301217e-01
4.469905106816440821e-04,7.172869147659063360e-01
4.479433700907975435e-04,7.172869147659063360e-01
4.489010316319763660e-04,7.172869147659063360e-01
4.498634370975196362e-04,7.172869147659063360e-01
4.508307029027491808e-04,7.172869147659063360e-01
4.518027708400040865e-04,7.172869147659063360e-01
4.527797282207757235e-04,7.172869147659063360e-01
4.537615750450640917e-04,7.172869147659063360e-01
4.547483113128691912e-04,7.172869147659063360e-01
4.557400243356823921e-04,7.172869147659063360e-01
4.567367141135036945e-04,7.262905162064826614e-01
4.577383806463330984e-04,7.262905162064826614e-01
4.587451112456619740e-04,7.262905162064826614e-01
4.597569350153207779e-04,7.262905162064826614e-01
4.607738810591399670e-04,7.262905162064826614e-01
4.617960075847804546e-04,7.262905162064826614e-01
4.628234601113945246e-04,7.262905162064826614e-01
4.638545215129852295e-04,7.262905162064826614e-01
4.648879112210124731e-04,7.262905162064826614e-01
4.659236583393067122e-04,7.262905162064826614e-01
4.669618210755288601e-04,7.262905162064826614e-01
4.680024576373398304e-04,7.302921168467386703e-01
4.690455389209091663e-04,7.402961184473789702e-01
4.700911813415586948e-04,7.402961184473789702e-01
4.711394140031188726e-04,7.402961184473789702e-01
4.721902369055896997e-04,7.402961184473789702e-01
4.732437373604625463e-04,7.402961184473789702e-01
4.743001481983810663e-04,7.402961184473789702e-01
4.753594985231757164e-04,7.402961184473789702e-01
4.764219047501683235e-04,7.402961184473789702e-01
4.774873668793588877e-04,7.402961184473789702e-01
4.785560013260692358e-04,7.402961184473789702e-01
4.796278080902993679e-04,7.402961184473789702e-01
4.807029035873711109e-04,7.402961184473789702e-01
4.817812878172844648e-04,7.402961184473789702e-01
4.828629607800394297e-04,7.402961184473789702e-01
4.839479806832969189e-04,7.402961184473789702e-01
4.850362020079046488e-04,7.402961184473789702e-01
4.861275956500321627e-04,7.402961184473789702e-01
4.872221907135099173e-04,7.452981192476990646e-01
4.883198998868465424e-04,7.452981192476990646e-01
4.894206649623811245e-04,7.452981192476990646e-01
4.905246314592659473e-04,7.452981192476990646e-01
4.916317993775010109e-04,7.452981192476990646e-01
4.927426925860345364e-04,7.452981192476990646e-01
4.938573110848665237e-04,7.452981192476990646e-01
4.949756548739969730e-04,7.452981192476990646e-01
4.960979567840695381e-04,7.452981192476990646e-01
4.972242168150842190e-04,7.452981192476990646e-01
4.983544931747019291e-04,7.472989195678271246e-01
4.994887858629226685e-04,7.472989195678271246e-01
5.006272112950682640e-04,7.472989195678271246e-01
5.017697694711387157e-04,7.472989195678271246e-01
5.029165768064558506e-04,7.472989195678271246e-01
5.040674586780369282e-04,7.472989195678271246e-01
5.052222404628992081e-04,7.513005202080832445e-01
5.063812131993472576e-04,7.513005202080832445e-01
5.075443768873810768e-04,7.513005202080832445e-01
5.087118479423224926e-04,7.513005202080832445e-01
5.098836263641715050e-04,7.573029211684674245e-01
5.110591882839798927e-04,7.573029211684674245e-01
5.122385337017476559e-04,7.573029211684674245e-01
5.134217208251357079e-04,7.573029211684674245e-01
5.146087496541440487e-04,7.573029211684674245e-01
5.157996201887726784e-04,7.573029211684674245e-01
5.169944488443434238e-04,7.573029211684674245e-01
5.181932938285171986e-04,7.573029211684674245e-01
5.193963297642767429e-04,7.573029211684674245e-01
5.206036730669438839e-04,7.573029211684674245e-01
5.218153237365186214e-04,7.573029211684674245e-01
5.230313981883227825e-04,7.573029211684674245e-01
5.242518964223563671e-04,7.573029211684674245e-01
5.254768184386193752e-04,7.573029211684674245e-01
5.267062224447727203e-04,7.573029211684674245e-01
5.279401666484773159e-04,7.573029211684674245e-01
5.291786510497331619e-04,7.573029211684674245e-01
5.304217920638620853e-04,7.573029211684674245e-01
5.316695896908640862e-04,7.703081232492997588e-01
5.329220439307391644e-04,7.753101240496198532e-01
5.341793294064700603e-04,7.753101240496198532e-01
5.354413879103958607e-04,7.753101240496198532e-01
5.367082776501774788e-04,7.753101240496198532e-01
5.379801150411367416e-04,7.753101240496198532e-01
5.392569582909345627e-04,7.753101240496198532e-01
5.405388656072318554e-04,7.753101240496198532e-01
5.418255459517240524e-04,7.753101240496198532e-01
5.431169411167502403e-04,7.753101240496198532e-01
5.444127018563449383e-04,7.753101240496198532e-01
5.457121878862380981e-04,7.753101240496198532e-01
5.470148171298205853e-04,7.753101240496198532e-01
5.483206477947533131e-04,7.753101240496198532e-01
5.496293888427317142e-04,7.753101240496198532e-01
5.509421462193131447e-04,7.753101240496198532e-01
5.522586870938539505e-04,7.843137254901960675e-01
5.535788950510323048e-04,7.853141256502601530e-01
5.549024790525436401e-04,7.853141256502601530e-01
5.562292644754052162e-04,7.893157262905162730e-01
5.575593095272779465e-04,7.893157262905162730e-01
5.588926724158227444e-04,7.893157262905162730e-01
5.602293531410396099e-04,7.893157262905162730e-01
5.615704576484858990e-04,7.943177270908363674e-01
5.629157531075179577e-04,7.943177270908363674e-01
5.642650648951530457e-04,7.943177270908363674e-01
5.656183930113911629e-04,7.943177270908363674e-01
5.669755628332495689e-04,7.943177270908363674e-01
5.683365161530673504e-04,7.943177270908363674e-01
5.697012529708445072e-04,7.943177270908363674e-01
5.710697150789201260e-04,8.053221288515406417e-01
5.724419606849551201e-04,8.053221288515406417e-01
5.738180479966104031e-04,8.053221288515406417e-01
5.751979770138859749e-04,8.053221288515406417e-01
5.765817477367818356e-04,8.053221288515406417e-01
5.779694765806198120e-04,8.053221288515406417e-01
5.793612217530608177e-04,8.103241296518607362e-01
5.807570414617657661e-04,8.103241296518607362e-01
5.821571103297173977e-04,8.103241296518607362e-01
5.835613701492547989e-04,8.103241296518607362e-01
5.849699373356997967e-04,8.103241296518607362e-01
5.863829283043742180e-04,8.103241296518607362e-01
5.878004594705998898e-04,8.103241296518607362e-01
5.892225890420377254e-04,8.103241296518607362e-01
5.906493752263486385e-04,8.103241296518607362e-01
5.920809926465153694e-04,8.103241296518607362e-01
5.935174995101988316e-04,8.103241296518607362e-01
5.949588958173990250e-04,8.103241296518607362e-01
5.964052979834377766e-04,8.103241296518607362e-01
5.978567642159759998e-04,8.103241296518607362e-01
5.993134109303355217e-04,8.103241296518607362e-01
6.007753545418381691e-04,8.103241296518607362e-01
6.022426532581448555e-04,8.103241296518607362e-01
6.037154234945774078e-04,8.103241296518607362e-01
6.051938398741185665e-04,8.103241296518607362e-01
6.066778441891074181e-04,8.103241296518607362e-01
6.081676110625267029e-04,8.133253301320528816e-01
6.096631987020373344e-04,8.133253301320528816e-01
6.111646071076393127e-04,8.133253301320528816e-01
6.126693333499133587e-04,8.133253301320528816e-01
6.141774356365203857e-04,8.133253301320528816e-01
6.156888557597994804e-04,8.133253301320528816e-01
6.172037683427333832e-04,8.133253301320528816e-01
6.187222898006439209e-04,8.133253301320528816e-01
6.202443037182092667e-04,8.223289315726290960e-01
6.217696354724466801e-04,8.223289315726290960e-01
6.232984014786779881e-04,8.223289315726290960e-01
6.248306017369031906e-04,8.223289315726290960e-01
6.263662362471222878e-04,8.273309323729491904e-01
6.279055378399789333e-04,8.273309323729491904e-01
6.294483901001513004e-04,8.273309323729491904e-01
6.309950258582830429e-04,8.273309323729491904e-01
6.325455033220350742e-04,8.373349339735894903e-01
6.340999389067292213e-04,8.373349339735894903e-01
6.356583326123654842e-04,8.373349339735894903e-01
6.372206262312829494e-04,8.423369347739095847e-01
6.387869361788034439e-04,8.423369347739095847e-01
6.403572624549269676e-04,8.423369347739095847e-01
6.419316632673144341e-04,8.423369347739095847e-01
6.435101968236267567e-04,8.423369347739095847e-01
6.450928049162030220e-04,8.423369347739095847e-01
6.466794875450432301e-04,8.423369347739095847e-01
6.482702447101473808e-04,8.423369347739095847e-01
6.498651346191763878e-04,8.423369347739095847e-01
6.514640990644693375e-04,8.423369347739095847e-01
6.530672544613480568e-04,8.583433373349339535e-01
6.546746008098125458e-04,8.583433373349339535e-01
6.562860216945409775e-04,8.583433373349339535e-01
6.579016917385160923e-04,8.583433373349339535e-01
6.595214945264160633e-04,8.583433373349339535e-01
6.611454882659018040e-04,8.583433373349339535e-01
6.627737311646342278e-04,8.583433373349339535e-01
6.644062814302742481e-04,8.583433373349339535e-01
6.660431390628218651e-04,8.583433373349339535e-01
6.676844786852598190e-04,8.583433373349339535e-01
6.693302420899271965e-04,8.583433373349339535e-01
6.709804874844849110e-04,8.583433373349339535e-01
6.726352730765938759e-04,8.583433373349339535e-01
6.742945406585931778e-04,8.583433373349339535e-01
6.759584066458046436e-04,8.583433373349339535e-01
6.776269292458891869e-04,8.703481392557023133e-01
6.793001666665077209e-04,8.703481392557023133e-01
6.809782935306429863e-04,8.753501400560224077e-01
6.826616008765995502e-04,8.753501400560224077e-01
6.843501469120383263e-04,8.753501400560224077e-01
6.860440480522811413e-04,8.753501400560224077e-01
6.877434789203107357e-04,8.753501400560224077e-01
6.894484977237880230e-04,8.753501400560224077e-01
6.911592208780348301e-04,8.753501400560224077e-01
6.928758230060338974e-04,8.753501400560224077e-01
6.945984205231070518e-04,8.753501400560224077e-01
6.963270134292542934e-04,8.753501400560224077e-01
6.980617181397974491e-04,8.753501400560224077e-01
6.998027674853801727e-04,8.753501400560224077e-01
7.015499868430197239e-04,8.753501400560224077e-01
7.033030269667506218e-04,8.753501400560224077e-01
7.050608983263373375e-04,8.753501400560224077e-01
7.068238919600844383e-04,8.753501400560224077e-01
7.085920078679919243e-04,8.753501400560224077e-01
7.103653624653816223e-04,8.753501400560224077e-01
7.121440721675753593e-04,8.753501400560224077e-01
7.139282533898949623e-04,8.753501400560224077e-01
7.157179643400013447e-04,8.753501400560224077e-01
7.175133214332163334e-04,8.753501400560224077e-01
7.193143828772008419e-04,8.753501400560224077e-01
7.211212650872766972e-04,8.753501400560224077e-01
7.229339680634438992e-04,8.753501400560224077e-01
7.247526082210242748e-04,8.753501400560224077e-01
7.265771855600178242e-04,8.753501400560224077e-01
7.284078164957463741e-04,8.753501400560224077e-01
7.302445010282099247e-04,8.753501400560224077e-01
7.320872391574084759e-04,8.753501400560224077e-01
7.339360890910029411e-04,8.753501400560224077e-01
7.357911090366542339e-04,8.753501400560224077e-01
7.376524154096841812e-04,9.343737494998000104e-01
7.395199500024318695e-04,9.343737494998000104e-01
7.413938292302191257e-04,9.343737494998000104e-01
7.432736456394195557e-04,9.343737494998000104e-01
7.451567798852920532e-04,9.343737494998000104e-01
7.470432319678366184e-04,9.343737494998000104e-01
7.489331183023750782e-04,9.343737494998000104e-01
7.508264388889074326e-04,9.343737494998000104e-01
7.527232519350945950e-04,9.343737494998000104e-01
7.546236156485974789e-04,9.343737494998000104e-01
7.565275300294160843e-04,9.343737494998000104e-01
7.584351697005331516e-04,9.343737494998000104e-01
7.603465928696095943e-04,9.343737494998000104e-01
7.622617995366454124e-04,9.343737494998000104e-01
7.641807897016406059e-04,9.343737494998000104e-01
7.661037379875779152e-04,9.343737494998000104e-01
7.680305861867964268e-04,9.343737494998000104e-01
7.699614507146179676e-04,9.343737494998000104e-01
7.718963897787034512e-04,9.343737494998000104e-01
7.738354033790528774e-04,9.343737494998000104e-01
7.757785497233271599e-04,9.343737494998000104e-01
7.777258870191872120e-04,9.343737494998000104e-01
7.796775316819548607e-04,9.343737494998000104e-01
7.816335419192910194e-04,9.343737494998000104e-01
7.835939177311956882e-04,9.343737494998000104e-01
7.855587755329906940e-04,9.343737494998000104e-01
7.875281735323369503e-04,9.343737494998000104e-01
7.895021117292344570e-04,9.343737494998000104e-01
7.914807647466659546e-04,9.343737494998000104e-01
7.934640743769705296e-04,9.343737494998000104e-01
7.954522152431309223e-04,9.343737494998000104e-01
7.974452455528080463e-04,9.343737494998000104e-01
7.994431653060019016e-04,9.343737494998000104e-01
8.014460327103734016e-04,9.343737494998000104e-01
8.034540223889052868e-04,9.343737494998000104e-01
8.054671925492584705e-04,9.343737494998000104e-01
8.074856596067547798e-04,9.343737494998000104e-01
8.095094817690551281e-04,9.343737494998000104e-01
8.115388336591422558e-04,9.343737494998000104e-01
8.135737734846770763e-04,9.343737494998000104e-01
8.156144176609814167e-04,9.343737494998000104e-01
8.176608243957161903e-04,9.343737494998000104e-01
8.197131683118641376e-04,9.343737494998000104e-01
8.217715076170861721e-04,9.343737494998000104e-01
8.238359005190432072e-04,9.343737494998000104e-01
8.259064634330570698e-04,9.343737494998000104e-01
8.279834873974323273e-04,9.343737494998000104e-01
8.300670306198298931e-04,9.343737494998000104e-01
8.321572677232325077e-04,9.343737494998000104e-01
8.342544315382838249e-04,9.403761504601840793e-01
8.363585220649838448e-04,9.403761504601840793e-01
8.384698885492980480e-04,9.403761504601840793e-01
8.405885309912264347e-04,9.403761504601840793e-01
8.427147404290735722e-04,9.443777511004401992e-01
8.448486914858222008e-04,9.443777511004401992e-01
8.469904423691332340e-04,9.443777511004401992e-01
8.491401677019894123e-04,9.443777511004401992e-01
8.512980421073734760e-04,9.443777511004401992e-01
8.534642402082681656e-04,9.443777511004401992e-01
8.556362590752542019e-04,9.443777511004401992e-01
8.578132255934178829e-04,9.443777511004401992e-01
8.599956636317074299e-04,9.993997599039615709e-01
8.621836313977837563e-04,9.993997599039615709e-01
8.643772453069686890e-04,9.993997599039615709e-01
8.665765635669231415e-04,9.993997599039615709e-01
8.687817608006298542e-04,9.993997599039615709e-01
8.709928952157497406e-04,9.993997599039615709e-01
8.732099668122828007e-04,9.993997599039615709e-01
8.754332084208726883e-04,9.993997599039615709e-01
8.776626200415194035e-04,9.993997599039615709e-01
8.798983762972056866e-04,9.993997599039615709e-01
8.821401861496269703e-04,9.993997599039615709e-01
8.843880495987832546e-04,9.993997599039615709e-01
8.866420830599963665e-04,9.993997599039615709e-01
8.889022283256053925e-04,9.993997599039615709e-01
8.911685436032712460e-04,9.993997599039615709e-01
8.934411453083157539e-04,9.993997599039615709e-01
8.957200334407389164e-04,9.993997599039615709e-01
8.980053244158625603e-04,9.993997599039615709e-01
9.002969018183648586e-04,9.993997599039615709e-01
9.025949402712285519e-04,9.993997599039615709e-01
9.048994979821145535e-04,9.993997599039615709e-01
9.072105167433619499e-04,9.993997599039615709e-01
9.095279965549707413e-04,9.993997599039615709e-01
9.118519374169409275e-04,9.993997599039615709e-01
9.141824557445943356e-04,9.993997599039615709e-01
9.165194933302700520e-04,9.993997599039615709e-01
9.188631665892899036e-04,9.993997599039615709e-01
9.212133591063320637e-04,9.993997599039615709e-01
9.235700126737356186e-04,9.993997599039615709e-01
9.259333019144833088e-04,9.993997599039615709e-01
9.283032850362360477e-04,9.993997599039615709e-01
9.306799620389938354e-04,9.993997599039615709e-01
9.330636821687221527e-04,9.993997599039615709e-01
9.354543872177600861e-04,9.993997599039615709e-01
9.378523100167512894e-04,9.993997599039615709e-01
9.402573923580348492e-04,9.993997599039615709e-01
9.426698088645935059e-04,9.993997599039615709e-01
9.450896759517490864e-04,9.993997599039615709e-01
9.475169936195015907e-04,9.993997599039615709e-01
9.499519364908337593e-04,9.993997599039615709e-01
9.523946209810674191e-04,9.993997599039615709e-01
9.548451052978634834e-04,9.993997599039615709e-01
9.573034476488828659e-04,9.993997599039615709e-01
9.597698226571083069e-04,9.993997599039615709e-01
9.622442885302007198e-04,9.993997599039615709e-01
9.647269616834819317e-04,9.993997599039615709e-01
9.672179585322737694e-04,9.993997599039615709e-01
9.697173372842371464e-04,9.993997599039615709e-01
9.722252725623548031e-04,1.064425770308123242e+00
9.747387957759201527e-04,1.064425770308123242e+00
9.772566845640540123e-04,1.064425770308123242e+00
9.797789389267563820e-04,1.064425770308123242e+00
9.823058499023318291e-04,1.064425770308123242e+00
9.848373010754585266e-04,1.064425770308123242e+00
9.873735252767801285e-04,1.064425770308123242e+00
9.899146389216184616e-04,1.064425770308123242e+00
9.924605255946516991e-04,1.064425770308123242e+00
9.950115345418453217e-04,1.064425770308123242e+00
9.975676657631993294e-04,1.064425770308123242e+00
1.000129035674035549e-03,1.064425770308123242e+00
