t,P_p_bar
0.000000000000000000e+00,0.000000000000000000e+00
9.862383194558788091e-07,7.317672789287618399e+08
1.954287199623649940e-06,1.485258577297781706e+09
2.959883431685739197e-06,2.273358771442748070e+09
3.996442046627635136e-06,3.091492626712862015e+09
4.940621693094726652e-06,3.830063242580950737e+09
5.966603566776029766e-06,4.636469216968615532e+09
6.948347618163097650e-06,5.400416414646609306e+09
7.973825631779618561e-06,4.082210823122343540e+09
8.981266546470578760e-06,3.404803100541557312e+09
9.980066351999994367e-06,3.052399422200237274e+09
1.096839423553319648e-05,2.756247894482836723e+09
1.199216876557329670e-05,2.293464642698892593e+09
1.298862662224564701e-05,2.061547016700263023e+09
1.399157918058335781e-05,1.888940119165274858e+09
1.495855030952952802e-05,1.649758719802106380e+09
1.596909351064823568e-05,1.433776324140657663e+09
1.697268999123480171e-05,1.238680953619106531e+09
1.796382093743886799e-05,1.054939571920625329e+09
1.898620575957465917e-05,8.892639105209838152e+08
1.998705920414067805e-05,7.198747500346429348e+08
2.096445859933737665e-05,5.635376136753770113e+08
2.196778768848162144e-05,4.213890614046615958e+08
2.299646621395368129e-05,3.165664127635102868e+08
2.399400000285822898e-05,2.472886612048510015e+08
2.495632725185714662e-05,1.978589832741685212e+08
2.599183972051832825e-05,1.573894911379541755e+08
2.697502713999710977e-05,1.280560426478503793e+08
2.796311491692904383e-05,1.037559740108562410e+08
2.895606849051546305e-05,8.454101122733657062e+07
2.995590693899430335e-05,6.890977410746297240e+07
3.096440195804461837e-05,5.239762955434884876e+07
3.198337071808055043e-05,4.517401939157306403e+07
3.295335045550018549e-05,3.945805039310234040e+07
3.399697743589058518e-05,3.458180139154415578e+07
3.499262311379425228e-05,3.103490772776912153e+07
3.593901783460751176e-05,2.826221993655890599e+07
3.696396015584468842e-05,2.575356225594446436e+07
3.794094664044678211e-05,2.357389406323342398e+07
3.893493340001441538e-05,2.165687735412858799e+07
3.994720827904529870e-05,1.982693420280539989e+07
4.097908458788879216e-05,1.818652428997776285e+07
4.196104782749898732e-05,1.668186101370133646e+07
4.296240877010859549e-05,1.531530996612273157e+07
4.398431701702065766e-05,1.415336489556788839e+07
4.495258326642215252e-05,1.307559469238139503e+07
4.594029451254755259e-05,1.116422395391695574e+07
4.694814924732781947e-05,1.049746286336186901e+07
4.797677684109658003e-05,9.773256285994475707e+06
4.894482117379084229e-05,8.397995365952214226e+06
4.992612230125814676e-05,7.872232580153210089e+06
5.091946513857692480e-05,7.451122097517356277e+06
5.192500248085707426e-05,6.994475430375907570e+06
5.294290531310252845e-05,6.628439295892469585e+06
5.397336644819006324e-05,6.257253722417389974e+06
5.492918353411369026e-05,5.961403903139917180e+06
5.598361167358234525e-05,5.631725173422486521e+06
5.695941945305094123e-05,5.367840199195483699e+06
5.794414028059691191e-05,5.115159413382914849e+06
5.893790876143611968e-05,4.873852299439805560e+06
5.994086677674204111e-05,4.644977471935882233e+06
6.095312710385769606e-05,4.390533190304047428e+06
6.197477341629564762e-05,4.187147879132826347e+06
6.291176396189257503e-05,4.011772843344530091e+06
6.395155651262030005e-05,3.828645680148318876e+06
6.490515806945040822e-05,3.670476477169843856e+06
6.596055754926055670e-05,3.490940679521211889e+06
6.692454189760610461e-05,3.071476852896633558e+06
6.798983667977154255e-05,2.937439406795458868e+06
6.896267586853355169e-05,2.811134748910803348e+06
6.993966962909325957e-05,2.681208230456583202e+06
7.092077430570498109e-05,2.576685221237486228e+06
7.190596807049587369e-05,2.459219625143700279e+06
7.299443677766248584e-05,2.314429488366683945e+06
7.398836896754801273e-05,2.094591485278703040e+06
7.498658669646829367e-05,2.016313372459894745e+06
7.598916272399947047e-05,1.928678834482090082e+06
7.699616980971768498e-05,1.845432427835018374e+06
7.790629024384543300e-05,1.773063036866871640e+06
7.892178109614178538e-05,1.708576044905452989e+06
7.994176849024370313e-05,1.646956009136291454e+06
8.096625242615118623e-05,1.588053049978492549e+06
8.199523290386423469e-05,1.522571912387336837e+06
8.292517304653301835e-05,1.470029475377324969e+06
8.396275370614603162e-05,1.410631289549578447e+06
8.490049367537721992e-05,1.366800041477514198e+06
8.594682731200009584e-05,1.316319316029167036e+06
8.699775935383513570e-05,1.271679667257550405e+06
8.794754830887541175e-05,1.233073313004879747e+06
8.890116441762074828e-05,1.195871500196908833e+06
8.996534597827121615e-05,1.156072870276857633e+06
9.092735126614570618e-05,1.121540947611893527e+06
9.189344564219936728e-05,1.050087891664693132e+06
9.297173528466373682e-05,1.016306715062077157e+06
9.394656808581203222e-05,9.868891749846196035e+05
9.492557001067325473e-05,9.583692668548042420e+05
9.590871923137456179e-05,9.264329786992735462e+05
9.689600847195833921e-05,8.999558362731086090e+05
9.799787221709266305e-05,8.677040991020696238e+05
9.899394353851675987e-05,8.395655731604341418e+05
9.999422036344185472e-05,8.125928953523986274e+05
1.009987463476136327e-04,7.899824493259491865e+05
1.018952898448333144e-04,7.674063337508472614e+05
1.029080594889819622e-04,7.376242057321206667e+05
1.039253329508937895e-04,7.148769964770228835e+05
1.049472266458906233e-04,6.904623584142860491e+05
1.059738497133366764e-04,6.508609537228830159e+05
1.068904603016562760e-04,6.360892288513124222e+05
1.079262656276114285e-04,6.198817039407957345e+05
1.089670258807018399e-04,6.041202889423426241e+05
1.098963257391005754e-04,5.884478847341083456e+05
1.109464938053861260e-04,5.736203711719831917e+05
1.118841755669564009e-04,5.607543031895286404e+05
1.129437878262251616e-04,5.466025651581775164e+05
1.138898733188398182e-04,5.327917817520124372e+05
1.149589807027950883e-04,5.193800410202023922e+05
1.159135572379454970e-04,5.070607099766644533e+05
1.169922907138243318e-04,4.936918985362243257e+05
1.179555110866203904e-04,4.815365900213301647e+05
1.189228496514260769e-04,4.708018377822679467e+05
1.198943500639870763e-04,4.602843026844654232e+05
1.209923357237130404e-04,4.470540105913210427e+05
1.219728801515884697e-04,4.364494367773824488e+05
1.229577901540324092e-04,4.268934257929397281e+05
1.239471457665786147e-04,4.169737967386532691e+05
1.249410270247608423e-04,4.078939262970078271e+05
1.259395503439009190e-04,3.989875553226603079e+05
1.269427448278293014e-04,3.902450170518651721e+05
1.279506977880373597e-04,3.816429351791538065e+05
1.289634528802707791e-04,3.730801311651170836e+05
1.299810683121904731e-04,3.648274205482454272e+05
1.308755017817020416e-04,3.577759430025835172e+05
1.319032890023663640e-04,3.499496076059040497e+05
1.329371152678504586e-04,3.424098252403594670e+05
1.339739683317020535e-04,3.351351718704038067e+05
1.348835357930511236e-04,3.289032524759778171e+05
1.359257585136219859e-04,3.220990625853900565e+05
1.369709061691537499e-04,3.153182058977210545e+05
1.378878368996083736e-04,3.096456623126209597e+05
1.389386161463335156e-04,3.032088788225143217e+05
1.399925386067479849e-04,2.970456136227993411e+05
1.409174001310020685e-04,2.922771659948212327e+05
1.419775217073038220e-04,2.866671476087556221e+05
1.429079566150903702e-04,2.816465582226874540e+05
1.439746556570753455e-04,2.762699748281736393e+05
1.449110277462750673e-04,2.714369837276589824e+05
1.459846826037392020e-04,2.670794791233798605e+05
1.469273120164871216e-04,2.625777231010176474e+05
1.478729536756873131e-04,2.581244585867542773e+05
1.489574933657422662e-04,2.541709858718721953e+05
1.499111094744876027e-04,2.499919559791363718e+05
1.508717687102034688e-04,2.458335303502783936e+05
1.519796205684542656e-04,2.410995247606294870e+05
1.529586588731035590e-04,2.378491053745826357e+05
1.539481891086325049e-04,2.338432232463495748e+05
1.549490261822938919e-04,2.307660182761218166e+05
1.559619850013405085e-04,2.268568784683814738e+05
1.569879241287708282e-04,2.236040786301674962e+05
1.578782539581879973e-04,2.202779248190610961e+05
1.589304883964359760e-04,2.167525102760759182e+05
1.599980460014194250e-04,2.136268298782375350e+05
1.609258470125496387e-04,2.114391518869374704e+05
1.618659152882173657e-04,2.081701385129180562e+05
1.629785983823239803e-04,2.054991716497792222e+05
1.639454567339271307e-04,2.022425949288347038e+05
1.649246405577287078e-04,1.997864247803209291e+05
1.659166591707617044e-04,1.965161102593545220e+05
1.669220364419743419e-04,1.945385372342492337e+05
1.679413981037214398e-04,1.921518405611046473e+05
1.689753844402730465e-04,1.898028860110908863e+05
1.698487321846187115e-04,1.871434549620053149e+05
1.709089556243270636e-04,1.839218580959239625e+05
1.719739520922303200e-04,1.822582946473445045e+05
1.728645875118672848e-04,1.796439724373020581e+05
1.739384315442293882e-04,1.781050235023522400e+05
1.748399226926267147e-04,1.770865369506651768e+05
1.759300794219598174e-04,1.740931010599970177e+05
1.768457586877048016e-04,1.731385348332710564e+05
1.779535232344642282e-04,1.702007190224768710e+05
1.788843364920467138e-04,1.677310237402637140e+05
1.798223966034129262e-04,1.684283084789430432e+05
1.809599343687295914e-04,1.656035324548928766e+05
1.819187455112114549e-04,1.632127195119957032e+05
1.828878739615902305e-04,1.618919338293416949e+05
1.838677853811532259e-04,1.594960227038855664e+05
1.848589308792725205e-04,1.612202786105682317e+05
1.858617906691506505e-04,1.589832287588286272e+05
1.868768449639901519e-04,1.567101234434462094e+05
1.879046030808240175e-04,1.559235091927493922e+05
1.889456034405156970e-04,1.546382427484031068e+05
1.897883339552208781e-04,1.528370537130461598e+05
1.908546400954946876e-04,1.515756721055643575e+05
1.919358619488775730e-04,1.508077472508056671e+05
1.928120327647775412e-04,1.490202488163761154e+05
1.939218200277537107e-04,1.478182012724557426e+05
1.948218123288825154e-04,1.465587745469735237e+05
1.959626679308712482e-04,1.453843663931071933e+05
1.968885771930217743e-04,1.441266225619709585e+05
1.978267537197098136e-04,1.423079232018459006e+05
1.987776631722226739e-04,1.404485063497842930e+05
1.999842497752979398e-04,1.398590885330423771e+05
2.009571035159751773e-04,1.397056978314782609e+05
2.019335515797138214e-04,1.379011746505727060e+05
2.029134484473615885e-04,1.360740922139293689e+05
2.038968814304098487e-04,1.359985513425144891e+05
2.048840979114174843e-04,1.347881445453400083e+05
2.058764948742464185e-04,1.341528593783756078e+05
2.068745670840144157e-04,1.323812883594897867e+05
2.078785473713651299e-04,1.323475727959164069e+05
2.088886394631117582e-04,1.317284614840724389e+05
2.099058037856593728e-04,1.299991484624505974e+05
2.109311608364805579e-04,1.305122460570052790e+05
2.119651908287778497e-04,1.288210642326577945e+05
2.127476618625223637e-04,1.275299298080360313e+05
2.138011623173952103e-04,1.275008105763025233e+05
2.148668572772294283e-04,1.257828081688566017e+05
2.159452851628884673e-04,1.240266191747373377e+05
2.167628263123333454e-04,1.238906939528743678e+05
2.178649447159841657e-04,1.232966238488198724e+05
2.189813967561349273e-04,1.215276634953913454e+05
2.198285219492390752e-04,1.201718328540605289e+05
2.209715603385120630e-04,1.201870051054260548e+05
2.218393201474100351e-04,1.188285227594044991e+05
2.227163786301389337e-04,1.193046109520396130e+05
2.239007153548300266e-04,1.181264712555711012e+05
2.248005475848913193e-04,1.167540565798234311e+05
2.257106243632733822e-04,1.166483232306609425e+05
2.269404940307140350e-04,1.178765081294761039e+05
2.278756146552041173e-04,1.165493958854797820e+05
2.288219984620809555e-04,1.169737845565749740e+05
2.297799364896491170e-04,1.173459705215228896e+05
2.307471731910482049e-04,1.160545080598987115e+05
2.317175094503909349e-04,1.147458575161371991e+05
2.326908143004402518e-04,1.140106745677461586e+05
2.339933416806161404e-04,1.145563196376731212e+05
2.349739370401948690e-04,1.132876068279298343e+05
2.359576610615476966e-04,1.136908943916207500e+05
2.369445865042507648e-04,1.124451381759759679e+05
2.379347715759649873e-04,1.117540782377214928e+05
2.389283035881817341e-04,1.121607502762357472e+05
2.399252989562228322e-04,1.109371923540908756e+05
2.409258304396644235e-04,1.096954516466934292e+05
2.419299999019131064e-04,1.084354101115645608e+05
2.429378946544602513e-04,1.094735531748523499e+05
2.439496311126276851e-04,1.082501847211089480e+05
2.449660678394138813e-04,1.070074227170920494e+05
2.459877287037670612e-04,1.063412754279243381e+05
2.466725127305835485e-04,1.066723649763837457e+05
2.477056696079671383e-04,1.071276876430108678e+05
2.487464225850999355e-04,1.059146092293949478e+05
2.497962268535047770e-04,1.046757370168836787e+05
2.508558682166039944e-04,1.034096990603343293e+05
2.519257250241935253e-04,1.021165039294552116e+05
2.526448515709489584e-04,1.012395410011430358e+05
2.537326945457607508e-04,1.042355251903169992e+05
2.548318880144506693e-04,1.030029276394892368e+05
2.559428685344755650e-04,1.017416849489304004e+05
2.566902840044349432e-04,1.008847393863072648e+05
2.578218991402536631e-04,9.957538857311828178e+04
2.589665527921169996e-04,1.001451064208125899e+05
2.597371349111199379e-04,9.927483910328258935e+04
2.609046059660613537e-04,9.794555215489270631e+04
2.616909041535109282e-04,9.769297833344747778e+04
2.628827060107141733e-04,9.633124233391509915e+04
2.636857097968459129e-04,9.800232529265615449e+04
2.649033849593251944e-04,9.666183543756969448e+04
2.657241420820355415e-04,9.574960017098266690e+04
2.669692330528050661e-04,9.629650669074209873e+04
2.678088494576513767e-04,9.538240399464505026e+04
2.686562947928905487e-04,9.445172947668498091e+04
2.699425967875868082e-04,9.793888716775127978e+04
2.708066313061863184e-04,9.707690231216192478e+04
2.716725866775959730e-04,9.678204026670345047e+04
2.729752450250089169e-04,9.718044573100446723e+04
2.738462062552571297e-04,9.633493497090927849e+04
2.747192338574677706e-04,9.547862525849475060e+04
2.755943278316408396e-04,9.519728846947826969e+04
2.769110724329948425e-04,9.390171961253303743e+04
2.777917543426156044e-04,9.302630507015358307e+04
2.786748809739947319e-04,9.450061701694174553e+04
2.795606851577758789e-04,9.532179121069554822e+04
2.808955614455044270e-04,9.409098140461044386e+04
2.817895729094743729e-04,9.325820038152317284e+04
2.826863492373377085e-04,9.299553888604695385e+04
2.835858031176030636e-04,9.215451580760160869e+04
2.849401498679071665e-04,9.322670615444274154e+04
2.858465304598212242e-04,9.240965082611552498e+04
2.867557632271200418e-04,9.158151682155515300e+04
2.876679354812949896e-04,9.074318571381803486e+04
2.885830472223460674e-04,8.989537576369706949e+04
2.899619867093861103e-04,9.043542907991695392e+04
2.908860915340483189e-04,8.959724533545416489e+04
2.918141253758221865e-04,8.874825834744799067e+04
2.927461755461990833e-04,8.851486287801964500e+04
2.936823293566703796e-04,8.765712910509375797e+04
2.946227323263883591e-04,8.678860231368120003e+04
2.955681993626058102e-04,8.717581879251349892e+04
2.969972556456923485e-04,8.586978545639086224e+04
2.979586133733391762e-04,8.688353903119180177e+04
2.989272470586001873e-04,8.601870478141747299e+04
2.999033313244581223e-04,8.514072152030740108e+04
3.008870407938957214e-04,8.424973153783872840e+04
3.018786374013870955e-04,8.334679780377156567e+04
3.028782666660845280e-04,8.309312441270030104e+04
3.038861614186316729e-04,8.283952507514237368e+04
3.049025544896721840e-04,8.385065025230021274e+04
3.059276496060192585e-04,8.294622015433154593e+04
3.069617087021470070e-04,8.202730691956276132e+04
3.074821725022047758e-04,8.156280294182237412e+04
3.085300850216299295e-04,8.257711676500772592e+04
3.095876018051058054e-04,8.165573928784039163e+04
3.106549556832760572e-04,8.071921644153843226e+04
3.117324376944452524e-04,8.472392051897157216e+04
3.128203679807484150e-04,8.384554922273640113e+04
3.139189793728291988e-04,8.295128762067275238e+04
3.144724178127944469e-04,8.249863757567755238e+04
3.155877056997269392e-04,8.158155152090803313e+04
3.167144895996898413e-04,8.064936116999690421e+04
3.178530896548181772e-04,8.215114249627958634e+04
3.184269298799335957e-04,8.169361701857217122e+04
3.195821191184222698e-04,8.136696083894572803e+04
3.207408881280571222e-04,8.044215293512906646e+04
3.219026839360594749e-04,7.950823238986401702e+04
3.224847896490246058e-04,7.903777370846871054e+04
3.236513875890523195e-04,7.808957443350438552e+04
3.248213324695825577e-04,7.900759448511579831e+04
3.259946824982762337e-04,7.869136974112041935e+04
3.265826380811631680e-04,7.822520818966993829e+04
3.277611685916781425e-04,7.728604814684957091e+04
3.289432206656783819e-04,7.825172131535325025e+04
3.295356291346251965e-04,7.779021127932175295e+04
3.307231818325817585e-04,7.811809731123286474e+04
3.319145180284976959e-04,7.720169099126667425e+04
3.325116413179785013e-04,7.673991286509216297e+04
3.337089146953076124e-04,7.832153717928398692e+04
3.349102044012397528e-04,7.742462011687156337e+04
3.355123917572200298e-04,7.697267538067486021e+04
3.367197932675480843e-04,7.606234797457067179e+04
3.379312402103096247e-04,7.514326500877997023e+04
3.385385207366198301e-04,7.468069193918904057e+04
3.397567779757082462e-04,7.502622353082566406e+04
3.409805358387529850e-04,7.538220867257771897e+04
3.415945102460682392e-04,7.492767514530498011e+04
3.428267955314368010e-04,7.463874846559889556e+04
3.434451355133205652e-04,7.418172920438833535e+04
3.446863265708088875e-04,7.326130898262716073e+04
3.459336876403540373e-04,7.485246386943681864e+04
3.465597110334783792e-04,7.560642002600175329e+04
3.478165599517524242e-04,7.471821186882202164e+04
3.484474727883934975e-04,7.605518908822409867e+04
3.497153811622411013e-04,7.517967987993685529e+04
3.509915841277688742e-04,7.489038746010426257e+04
3.516328579280525446e-04,7.618688708740702714e+04
3.529218956828117371e-04,7.532056347892379563e+04
3.535697178449481726e-04,7.488286972620101005e+04
3.548721142578870058e-04,7.399823952295891650e+04
3.555267176125198603e-04,7.355205514741090883e+04
3.568429674487560987e-04,7.265245957011647988e+04
3.575046430341899395e-04,7.219844360601897642e+04
3.588352701626718044e-04,7.367255116557242582e+04
3.595046873670071363e-04,7.322740221073605062e+04
3.608532424550503492e-04,7.232652445141060161e+04
3.615324967540800571e-04,7.187142729475807573e+04
3.629011916927993298e-04,7.095242833771755977e+04
3.635907487478107214e-04,7.048782860199081188e+04
3.649804857559502125e-04,6.954960008499960531e+04
3.656807821244001389e-04,6.907585570373268274e+04
3.663847746793180704e-04,6.859900108866163646e+04
3.678040229715406895e-04,7.009479767858618288e+04
3.685193369165062904e-04,6.962378398055644357e+04
3.699616063386201859e-04,6.867168684736888099e+04
3.706886782310903072e-04,6.819078009779741114e+04
3.714197373483330011e-04,6.770657655452845211e+04
3.728942538145929575e-04,6.735162046417033707e+04
3.736378275789320469e-04,6.686100110203653458e+04
3.743856505025178194e-04,6.820697210376993462e+04
3.758944803848862648e-04,6.723052159485447919e+04
3.766555746551603079e-04,6.673698670672169828e+04
3.774205688387155533e-04,6.624049556765845045e+04
3.789542242884635925e-04,6.524370609755348414e+04
3.797229146584868431e-04,6.474337493084288144e+04
3.804929147008806467e-04,6.424214297420794901e+04
3.812641953118145466e-04,6.373982488727420423e+04
3.828107146546244621e-04,6.403829766217395081e+04
3.835859824903309345e-04,6.353869625905626890e+04
3.843626182060688734e-04,6.973786224057473009e+04
3.859199932776391506e-04,7.105425299536836974e+04
3.867007908411324024e-04,7.060312204275320983e+04
3.874830435961484909e-04,7.014983017690459383e+04
3.882667515426874161e-04,6.969435335482696246e+04
3.898386203218251467e-04,6.877749329377153481e+04
3.906268393620848656e-04,6.831635700380367052e+04
3.914165718015283346e-04,7.061978814447145851e+04
3.922078758478164673e-04,7.017453037054419110e+04
3.937952278647571802e-04,6.927768948044607532e+04
3.945912758354097605e-04,6.882627379452834430e+04
3.953889827243983746e-04,6.837304938339210639e+04
3.969893732573837042e-04,6.746109328592372185e+04
3.977921151090413332e-04,6.700265090200921986e+04
3.985966031905263662e-04,6.654245713666558731e+04
3.994028375018388033e-04,6.608075333488940669e+04
4.002108180429786444e-04,6.561756626998161664e+04
4.018321342300623655e-04,6.468626447044127417e+04
4.026454989798367023e-04,6.421853131911274249e+04
4.034606681670993567e-04,6.374943228361890942e+04
4.042776126880198717e-04,6.327906526046132058e+04
4.059166240040212870e-04,6.233446218152245274e+04
4.067386907991021872e-04,6.186068736592629284e+04
4.075625329278409481e-04,6.374704697367802873e+04
4.083881212864071131e-04,6.328251813256226160e+04
4.092154849786311388e-04,6.281692348532032338e+04
4.108757129870355129e-04,6.188269947295516613e+04
4.117086355108767748e-04,6.141404153048805892e+04
4.125434788875281811e-04,6.549964999832736794e+04
4.133802722208201885e-04,6.505167811796753085e+04
4.142190155107527971e-04,6.460245463590157306e+04
4.159024974796921015e-04,6.370019972672579024e+04
4.167472652625292540e-04,6.324730477720059571e+04
4.175940994173288345e-04,6.279297106944191910e+04
4.184429999440908432e-04,6.233733942227947409e+04
4.192940250504761934e-04,6.188050249549575528e+04
4.201471456326544285e-04,6.365291482430081669e+04
4.218595568090677261e-04,6.387174344787743757e+04
4.227188474033027887e-04,6.342711192520123586e+04
4.235802625771611929e-04,6.298124352658388671e+04
4.244437732268124819e-04,6.253444726849587460e+04
4.253094666637480259e-04,6.208653577955043147e+04
4.261773137841373682e-04,6.163770367038548284e+04
4.279196436982601881e-04,6.616408267374042771e+04
4.287942138034850359e-04,6.573972471093265631e+04
4.296711122151464224e-04,6.531365549946740794e+04
4.305503680370748043e-04,6.488594642923670472e+04
4.314329125918447971e-04,6.445627815747602290e+04
4.323187458794564009e-04,6.402473224473417213e+04
4.332079261075705290e-04,6.359124138253479032e+04
4.349965602159500122e-04,6.271861049806009396e+04
4.358961596153676510e-04,6.227944379009200929e+04
4.367993387859314680e-04,6.183833544667828392e+04
4.377061850391328335e-04,6.139554524163673341e+04
4.386166983749717474e-04,6.095077104606997455e+04
4.395309078972786665e-04,6.050427046029392659e+04
4.404489009175449610e-04,6.005617434251627128e+04
4.413706774357706308e-04,5.960650521953338466e+04
4.422962956596165895e-04,5.915521506371034047e+04
4.432259884197264910e-04,5.870233782410808635e+04
4.441601631697267294e-04,5.824761797034825577e+04
4.450989363249391317e-04,5.779107994122615492e+04
4.469905106816440821e-04,6.174793600866506313e+04
4.479433700907975435e-04,6.130357543463011098e+04
4.489010316319763660e-04,6.085701490085637488e+04
4.498634370975196362e-04,6.040823901790472883e+04
4.508307029027491808e-04,5.995722476574042230e+04
4.518027708400040865e-04,5.950410293031774199e+04
4.527797282207757235e-04,5.904892298623195529e+04
4.537615750450640917e-04,5.859174082095850463e+04
4.547483113128691912e-04,5.813275294444740575e+04
4.557400243356823921e-04,5.767191339042352047e+04
4.567367141135036945e-04,6.188423197084501589e+04
4.577383806463330984e-04,6.143831319420284126e+04
4.587451112456619740e-04,6.098985136516566126e+04
4.597569350153207779e-04,6.053899762598745292e+04
4.607738810591399670e-04,6.008589471576379583e+04
4.617960075847804546e-04,5.963057629101086059e+04
4.628234601113945246e-04,5.917296181020490621e+04
4.638545215129852295e-04,5.871409471830337861e+04
4.648879112210124731e-04,5.825462867802358960e+04
4.659236583393067122e-04,5.779459517185699951e+04
4.669618210755288601e-04,5.733396647907824808e+04
4.680024576373398304e-04,5.891432252351720672e+04
4.690455389209091663e-04,6.334338106700303615e+04
4.700911813415586948e-04,6.291102178587936214e+04
4.711394140031188726e-04,6.247719465094400948e+04
4.721902369055896997e-04,6.204190998225778458e+04
4.732437373604625463e-04,6.160511253841867438e+04
4.743001481983810663e-04,6.116695535697626474e+04
4.753594985231757164e-04,6.072745778597419121e+04
4.764219047501683235e-04,6.028685764359820314e+04
4.774873668793588877e-04,5.984515100402449025e+04
4.785560013260692358e-04,5.940237047986094694e+04
4.796278080902993679e-04,5.895845181238379882e+04
4.807029035873711109e-04,5.851366322566442977e+04
4.817812878172844648e-04,5.806792473950861313e+04
4.828629607800394297e-04,5.762141061365521455e+04
4.839479806832969189e-04,5.717421188621170586e+04
4.850362020079046488e-04,5.672652906737396552e+04
4.861275956500321627e-04,5.627834046733610012e+04
4.872221907135099173e-04,5.830230847703777545e+04
4.883198998868465424e-04,5.786033284156589070e+04
4.894206649623811245e-04,5.741761871895211516e+04
4.905246314592659473e-04,5.697443152896733955e+04
4.916317993775010109e-04,5.653078904251964559e+04
4.927426925860345364e-04,5.608651184765080689e+04
4.938573110848665237e-04,5.564168142157741386e+04
4.949756548739969730e-04,5.519641814273274213e+04
4.960979567840695381e-04,5.475058532143411139e+04
4.972242168150842190e-04,5.430432208143543539e+04
4.983544931747019291e-04,5.484417492162066628e+04
4.994887858629226685e-04,5.439899392913524935e+04
5.006272112950682640e-04,5.395361158849719504e+04
5.017697694711387157e-04,5.350809772878992226e+04
5.029165768064558506e-04,5.306235941913376882e+04
5.040674586780369282e-04,5.261675966410020192e+04
5.052222404628992081e-04,5.413123187736257387e+04
5.063812131993472576e-04,5.368792870168761874e+04
5.075443768873810768e-04,5.324453349121833890e+04
5.087118479423224926e-04,5.280090206364456390e+04
5.098836263641715050e-04,5.524067036391248985e+04
5.110591882839798927e-04,5.480121261627182685e+04
5.122385337017476559e-04,5.436135529113554367e+04
5.134217208251357079e-04,5.392132160229449801e+04
5.146087496541440487e-04,5.348133262116190599e+04
5.157996201887726784e-04,5.304142141015507514e+04
5.169944488443434238e-04,5.260157305840968911e+04
5.181932938285171986e-04,5.216179970134433825e+04
5.193963297642767429e-04,5.172220739897475141e+04
5.206036730669438839e-04,5.128260372376792657e+04
5.218153237365186214e-04,5.084331177126286639e+04
5.230313981883227825e-04,5.040438693025642715e+04
5.242518964223563671e-04,4.996573034236406238e+04
5.254768184386193752e-04,4.952756171558723145e+04
5.267062224447727203e-04,4.908987177600006544e+04
5.279401666484773159e-04,4.865283246697187133e+04
5.291786510497331619e-04,4.821645423448018846e+04
5.304217920638620853e-04,4.778076322591656208e+04
5.316695896908640862e-04,5.339646635878230154e+04
5.329220439307391644e-04,5.520689839794269938e+04
5.341793294064700603e-04,5.477690504079515813e+04
5.354413879103958607e-04,5.434628332227656210e+04
5.367082776501774788e-04,5.391517376101416448e+04
5.379801150411367416e-04,5.348364878235197102e+04
5.392569582909345627e-04,5.305175703086048452e+04
5.405388656072318554e-04,5.261980715512991446e+04
5.418255459517240524e-04,5.218780494689504121e+04
5.431169411167502403e-04,5.175587951594063634e+04
5.444127018563449383e-04,5.132414169976903213e+04
5.457121878862380981e-04,5.089297860493126791e+04
5.470148171298205853e-04,5.046261540801078081e+04
5.483206477947533131e-04,5.003310104600809427e+04
5.496293888427317142e-04,4.960455683873528324e+04
5.509421462193131447e-04,4.917671484450740536e+04
5.522586870938539505e-04,5.271809295533628028e+04
5.535788950510323048e-04,5.272504630184953567e+04
5.549024790525436401e-04,5.230007810258158133e+04
5.562292644754052162e-04,5.358605097197572468e+04
5.575593095272779465e-04,5.316377738992722880e+04
5.588926724158227444e-04,5.274177708643448568e+04
5.602293531410396099e-04,5.232021369504453469e+04
5.615704576484858990e-04,5.400796571202436462e+04
5.629157531075179577e-04,5.358904083987083868e+04
5.642650648951530457e-04,5.317007381544078089e+04
5.656183930113911629e-04,5.275125546360533917e+04
5.669755628332495689e-04,5.233266959073828184e+04
5.683365161530673504e-04,5.191440042376446218e+04
5.697012529708445072e-04,5.149657189528729214e+04
5.710697150789201260e-04,5.557099773319644737e+04
5.724419606849551201e-04,5.516102649290807312e+04
5.738180479966104031e-04,5.475094912529632711e+04
5.751979770138859749e-04,5.434068245144622051e+04
5.765817477367818356e-04,5.393038919690791226e+04
5.779694765806198120e-04,5.352021146911908727e+04
5.793612217530608177e-04,5.509070788472857384e+04
5.807570414617657661e-04,5.468478373794732761e+04
5.821571103297173977e-04,5.427859264135880949e+04
5.835613701492547989e-04,5.387230741501259035e+04
5.849699373356997967e-04,5.346589654437835998e+04
5.863829283043742180e-04,5.305943961145017965e+04
5.878004594705998898e-04,5.265310939579996921e+04
5.892225890420377254e-04,5.224690727630927722e+04
5.906493752263486385e-04,5.184096021977575583e+04
5.920809926465153694e-04,5.143526927069323574e+04
5.935174995101988316e-04,5.102983102248083014e+04
5.949588958173990250e-04,5.062466819195175049e+04
5.964052979834377766e-04,5.021981760828696861e+04
5.978567642159759998e-04,4.981541171850056708e+04
5.993134109303355217e-04,4.941156921700014209e+04
6.007753545418381691e-04,4.900838057823650888e+04
6.022426532581448555e-04,4.860591744410729007e+04
6.037154234945774078e-04,4.820417692624718620e+04
6.051938398741185665e-04,4.780309224767910928e+04
6.066778441891074181e-04,4.740280529036432563e+04
6.081676110625267029e-04,4.818456840074296633e+04
6.096631987020373344e-04,4.778440830273579195e+04
6.111646071076393127e-04,4.738500396808539517e+04
6.126693333499133587e-04,4.698705336802350939e+04
6.141774356365203857e-04,4.659057912958469387e+04
6.156888557597994804e-04,4.619573459566623933e+04
6.172037683427333832e-04,4.580248589378123870e+04
6.187222898006439209e-04,4.541084745392837794e+04
6.202443037182092667e-04,4.849059040076083329e+04
6.217696354724466801e-04,4.809599330859968904e+04
6.232984014786779881e-04,4.770266989515758905e+04
6.248306017369031906e-04,4.731080319630885788e+04
6.263662362471222878e-04,4.881253316091645684e+04
6.279055378399789333e-04,4.842095348981700954e+04
6.294483901001513004e-04,4.803066115375283698e+04
6.309950258582830429e-04,4.764164610816448112e+04
6.325455033220350742e-04,5.093998020178794832e+04
6.340999389067292213e-04,5.055081791482335393e+04
6.356583326123654842e-04,5.016248981861196080e+04
6.372206262312829494e-04,5.157742740839552425e+04
6.387869361788034439e-04,5.119117942158373626e+04
6.403572624549269676e-04,5.080552053315457306e+04
6.419316632673144341e-04,5.042055962700573582e+04
6.435101968236267567e-04,5.003629925787854154e+04
6.450928049162030220e-04,4.965282026060618955e+04
6.466794875450432301e-04,4.927026890164133511e+04
6.482702447101473808e-04,4.888870475577294565e+04
6.498651346191763878e-04,4.850822035979083739e+04
6.514640990644693375e-04,4.812889728906143137e+04
6.530672544613480568e-04,5.333626408433407778e+04
6.546746008098125458e-04,5.295948463825178624e+04
6.562860216945409775e-04,5.258291466730217508e+04
6.579016917385160923e-04,5.220669937896016927e+04
6.595214945264160633e-04,5.183079097548474965e+04
6.611454882659018040e-04,5.145536070586733695e+04
6.627737311646342278e-04,5.108048920317314332e+04
6.644062814302742481e-04,5.070616853596371948e+04
6.660431390628218651e-04,5.033248444942237984e+04
6.676844786852598190e-04,4.995951567359637556e+04
6.693302420899271965e-04,4.958734175566222257e+04
6.709804874844849110e-04,4.921602530073967500e+04
6.726352730765938759e-04,4.884563653428948601e+04
6.742945406585931778e-04,4.847627032433752174e+04
6.759584066458046436e-04,4.810798669569731283e+04
6.776269292458891869e-04,5.175447362477999559e+04
6.793001666665077209e-04,5.138667314458265901e+04
6.809782935306429863e-04,5.264446835670573637e+04
6.826616008765995502e-04,5.227886447582586698e+04
6.843501469120383263e-04,5.191336957683962828e+04
6.860440480522811413e-04,5.154807062343455618e+04
6.877434789203107357e-04,5.118300146627453796e+04
6.894484977237880230e-04,5.081823958840789419e+04
6.911592208780348301e-04,5.045385829231404205e+04
6.928758230060338974e-04,5.008988631981915387e+04
6.945984205231070518e-04,4.972642031689239957e+04
6.963270134292542934e-04,4.936349779362088157e+04
6.980617181397974491e-04,4.900121618157576449e+04
6.998027674853801727e-04,4.863955895017364674e+04
7.015499868430197239e-04,4.827869014543786034e+04
7.033030269667506218e-04,4.791873886207045143e+04
7.050608983263373375e-04,4.755991933438080741e+04
7.068238919600844383e-04,4.720227955449117144e+04
7.085920078679919243e-04,4.684585803425352060e+04
7.103653624653816223e-04,4.649071373144788959e+04
7.121440721675753593e-04,4.613689051174817723e+04
7.139282533898949623e-04,4.578446375965935295e+04
7.157179643400013447e-04,4.543344143162736145e+04
7.175133214332163334e-04,4.508386399330128188e+04
7.193143828772008419e-04,4.473578688392721961e+04
7.211212650872766972e-04,4.438919373534261103e+04
7.229339680634438992e-04,4.404412863969757746e+04
7.247526082210242748e-04,4.370064826584279945e+04
7.265771855600178242e-04,4.335887750685623178e+04
7.284078164957463741e-04,4.301880946521373698e+04
7.302445010282099247e-04,4.268048474732040631e+04
7.320872391574084759e-04,4.234394979878552840e+04
7.339360890910029411e-04,4.200923806197880185e+04
7.357911090366542339e-04,4.167638825440064829e+04
7.376524154096841812e-04,5.848213502330447227e+04
7.395199500024318695e-04,5.815856751651271043e+04
7.413938292302191257e-04,5.783317294100087020e+04
7.432736456394195557e-04,5.750608636201691843e+04
7.451567798852920532e-04,5.717790251980611356e+04
7.470432319678366184e-04,5.684873164436184743e+04
7.489331183023750782e-04,5.651866133894587256e+04
7.508264388889074326e-04,5.618778461119406711e+04
7.527232519350945950e-04,5.585621793446053925e+04
7.546236156485974789e-04,5.552401404129224102e+04
7.565275300294160843e-04,5.519127229589028138e+04
7.584351697005331516e-04,5.485809913593986857e+04
7.603465928696095943e-04,5.452456738325270999e+04
7.622617995366454124e-04,5.419073506589038152e+04
7.641807897016406059e-04,5.385668848978915776e+04
7.661037379875779152e-04,5.352253866534670669e+04
7.680305861867964268e-04,5.318834736046339822e+04
7.699614507146179676e-04,5.285420778700820665e+04
7.718963897787034512e-04,5.252017696015394176e+04
7.738354033790528774e-04,5.218634876825288666e+04
7.757785497233271599e-04,5.185283126153309422e+04
7.777258870191872120e-04,5.151964820214224892e+04
7.796775316819548607e-04,5.118689126333305467e+04
7.816335419192910194e-04,5.085462878604060825e+04
7.835939177311956882e-04,5.052294086420021631e+04
7.855587755329906940e-04,5.019187894380295620e+04
7.875281735323369503e-04,4.986154447625672765e+04
7.895021117292344570e-04,4.953196448598898860e+04
7.914807647466659546e-04,4.920318084080915287e+04
7.934640743769705296e-04,4.887525306216010358e+04
7.954522152431309223e-04,4.854827545279136393e+04
7.974452455528080463e-04,4.822227722656656260e+04
7.994431653060019016e-04,4.789732376530818146e+04
8.014460327103734016e-04,4.757347568994393077e+04
8.034540223889052868e-04,4.725078640380228171e+04
8.054671925492584705e-04,4.692932883248754661e+04
8.074856596067547798e-04,4.660912099395083351e+04
8.095094817690551281e-04,4.629021107724137983e+04
8.115388336591422558e-04,4.597263500794998254e+04
8.135737734846770763e-04,4.565640548334071354e+04
8.156144176609814167e-04,4.534157859593596368e+04
8.176608243957161903e-04,4.502818403725123790e+04
8.197131683118641376e-04,4.471625377940049657e+04
8.217715076170861721e-04,4.440580395589081309e+04
8.238359005190432072e-04,4.409687595937509468e+04
8.259064634330570698e-04,4.378949772295706498e+04
8.279834873974323273e-04,4.348369726235175767e+04
8.300670306198298931e-04,4.317951137076674058e+04
8.321572677232325077e-04,4.287694147720315232e+04
8.342544315382838249e-04,4.413137294633893180e+04
8.363585220649838448e-04,4.382602572432783927e+04
8.384698885492980480e-04,4.352215309792185144e+04
8.405885309912264347e-04,4.321977031558311137e+04
8.427147404290735722e-04,4.394302148160295474e+04
8.448486914858222008e-04,4.363964658372662961e+04
8.469904423691332340e-04,4.333770007671675558e+04
8.491401677019894123e-04,4.303726014414381643e+04
8.512980421073734760e-04,4.273832918212755612e+04
8.534642402082681656e-04,4.244093135967486887e+04
8.556362590752542019e-04,4.214543854847969487e+04
8.578132255934178829e-04,4.185200306414822990e+04
8.599956636317074299e-04,5.491008736118482193e+04
8.621836313977837563e-04,5.460911222285246185e+04
8.643772453069686890e-04,5.430743073800293496e+04
8.665765635669231415e-04,5.400510608443227102e+04
8.687817608006298542e-04,5.370223811720664526e+04
8.709928952157497406e-04,5.339888667495769187e+04
8.732099668122828007e-04,5.309515709615306696e+04
8.754332084208726883e-04,5.279112246128614788e+04
8.776626200415194035e-04,5.248687015779984358e+04
8.798983762972056866e-04,5.218246866983634391e+04
8.821401861496269703e-04,5.187804430783240969e+04
8.843880495987832546e-04,5.157367606565612368e+04
8.866420830599963665e-04,5.126943249223200837e+04
8.889022283256053925e-04,5.096539661316817364e+04
8.911685436032712460e-04,5.066165559651949297e+04
8.934411453083157539e-04,5.035828489174346760e+04
8.957200334407389164e-04,5.005534002293867525e+04
8.980053244158625603e-04,4.975291217026805680e+04
9.002969018183648586e-04,4.945106208580260864e+04
9.025949402712285519e-04,4.914986381612857804e+04
9.048994979821145535e-04,4.884937272443874826e+04
9.072105167433619499e-04,4.854966379822860472e+04
9.095279965549707413e-04,4.825082319820301200e+04
9.118519374169409275e-04,4.795291343563231931e+04
9.141824557445943356e-04,4.765599477085965918e+04
9.165194933302700520e-04,4.736009531819939002e+04
9.188631665892899036e-04,4.706529044438678829e+04
9.212133591063320637e-04,4.677166067464826483e+04
9.235700126737356186e-04,4.647925595839680318e+04
9.259333019144833088e-04,4.618811377791079576e+04
9.283032850362360477e-04,4.589827292868758377e+04
9.306799620389938354e-04,4.560978300689152093e+04
9.330636821687221527e-04,4.532268464434348425e+04
9.354543872177600861e-04,4.503699414385948330e+04
9.378523100167512894e-04,4.475272171049346071e+04
9.402573923580348492e-04,4.446994915881763154e+04
9.426698088645935059e-04,4.418871522679037298e+04
9.450896759517490864e-04,4.390903204523112072e+04
9.475169936195015907e-04,4.363093155235751328e+04
9.499519364908337593e-04,4.335441011007779161e+04
9.523946209810674191e-04,4.307952741425972636e+04
9.548451052978634834e-04,4.280630764038480993e+04
9.573034476488828659e-04,4.253477385354503349e+04
9.597698226571083069e-04,4.226493288660994585e+04
9.622442885302007198e-04,4.199682867745630938e+04
9.647269616834819317e-04,4.173048437931379885e+04
9.672179585322737694e-04,4.146591237064068264e+04
9.697173372842371464e-04,4.120313920583404251e+04
9.722252725623548031e-04,5.442490804237577686e+04
9.747387957759201527e-04,5.414819189570123126e+04
9.772566845640540123e-04,5.387096089003036468e+04
9.797789389267563820e-04,5.359330812458077708e+04
9.823058499023318291e-04,5.331531692598282098e+04
9.848373010754585266e-04,5.303708725087999483e+04
9.873735252767801285e-04,5.275869561168288055e+04
9.899146389216184616e-04,5.248022551470923645e+04
9.924605255946516991e-04,5.220175764505554980e+04
9.950115345418453217e-04,5.192337539090979408e+04
9.975676657631993294e-04,5.164516021483536315e+04
1.000129035674035549e-03,5.154740554031465581e+04
