t,R_s
0.000000000000000000e+00,-2.734404094568550214e-03
9.862383194558788091e-07,6.882928261868922343e-03
1.954287199623649940e-06,1.575570223806696882e-02
2.959883431685739197e-06,2.393192410475585355e-02
3.996442046627635136e-06,3.145960013266583394e-02
4.940621693094726652e-06,3.838673659252717779e-02
5.966603566776029766e-06,4.476133975507014945e-02
6.948347618163097650e-06,5.063141589102499590e-02
7.973825631779618561e-06,5.604497127112198496e-02
8.981266546470578760e-06,6.105001216609138442e-02
9.980066351999994367e-06,6.569454484666345517e-02
1.096839423553319648e-05,7.002657558356845113e-02
1.199216876557329670e-05,7.409411064753665399e-02
1.298862662224564701e-05,7.794515630929829686e-02
1.399157918058335781e-05,8.162771883958364061e-02
1.495855030952952802e-05,8.518980450911985136e-02
1.596909351064823568e-05,8.911816319206097847e-02
1.697268999123480171e-05,9.323852910564238428e-02
1.796382093743886799e-05,9.746784748887578342e-02
1.898620575957465917e-05,1.017712171328197801e-01
1.998705920414067805e-05,1.061208182332456368e-01
2.096445859933737665e-05,1.104548402433034177e-01
2.196778768848162144e-05,1.148310471928643550e-01
2.299646621395368129e-05,1.191597075679253354e-01
2.399400000285822898e-05,1.237944869524264802e-01
2.495632725185714662e-05,1.280495007184747625e-01
2.599183972051832825e-05,1.320622292804221887e-01
2.697502713999710977e-05,1.357901842099922263e-01
2.796311491692904383e-05,1.392946702394124714e-01
2.895606849051546305e-05,1.419808493728111076e-01
2.995590693899430335e-05,1.446757285177139862e-01
3.096440195804461837e-05,1.475106171500805696e-01
3.198337071808055043e-05,1.503587581255524941e-01
3.295335045550018549e-05,1.531511583296424894e-01
3.399697743589058518e-05,1.559059259258304686e-01
3.499262311379425228e-05,1.589736916103223485e-01
3.593901783460751176e-05,1.620281037887844611e-01
3.696396015584468842e-05,1.649872204923977792e-01
3.794094664044678211e-05,1.680194779904014002e-01
3.893493340001441538e-05,1.710909867030986631e-01
3.994720827904529870e-05,1.742276443391532759e-01
4.097908458788879216e-05,1.773458903229546968e-01
4.196104782749898732e-05,1.804219513672529751e-01
4.296240877010859549e-05,1.834350890725321981e-01
4.398431701702065766e-05,1.866670421834356608e-01
4.495258326642215252e-05,1.906309090528650607e-01
4.594029451254755259e-05,1.945615944830689226e-01
4.694814924732781947e-05,1.983070505985719545e-01
4.797677684109658003e-05,2.020437055396462067e-01
4.894482117379084229e-05,2.057189545855684365e-01
4.992612230125814676e-05,2.091960254624578297e-01
5.091946513857692480e-05,2.125297484753760902e-01
5.192500248085707426e-05,2.156751061229349731e-01
5.294290531310252845e-05,2.186418100458833447e-01
5.397336644819006324e-05,2.213818078550989499e-01
5.492918353411369026e-05,2.238617157855073703e-01
5.598361167358234525e-05,2.262173956446690559e-01
5.695941945305094123e-05,2.282365064541257427e-01
5.794414028059691191e-05,2.299981576208113832e-01
5.893790876143611968e-05,2.315971388049525015e-01
5.994086677674204111e-05,2.337858998387419840e-01
6.095312710385769606e-05,2.359057689209688446e-01
6.197477341629564762e-05,2.379952891258552417e-01
6.291176396189257503e-05,2.401497559282500804e-01
6.395155651262030005e-05,2.423589518727821690e-01
6.490515806945040822e-05,2.449385052837914634e-01
6.596055754926055670e-05,2.476739507614060809e-01
6.692454189760610461e-05,2.505004428710417841e-01
6.798983667977154255e-05,2.534098885787413047e-01
6.896267586853355169e-05,2.562806900492940465e-01
6.993966962909325957e-05,2.591438031375872253e-01
7.092077430570498109e-05,2.619724196686367690e-01
7.190596807049587369e-05,2.647230395849214935e-01
7.299443677766248584e-05,2.673668314529680790e-01
7.398836896754801273e-05,2.698328800627243784e-01
7.498658669646829367e-05,2.721617517469020475e-01
7.598916272399947047e-05,2.744497536095946710e-01
7.699616980971768498e-05,2.767374519835138491e-01
7.790629024384543300e-05,2.790987969664457946e-01
7.892178109614178538e-05,2.813740523006554306e-01
7.994176849024370313e-05,2.836489029831671949e-01
8.096625242615118623e-05,2.859279013455821583e-01
8.199523290386423469e-05,2.882166113487460435e-01
8.292517304653301835e-05,2.904648561821227548e-01
8.396275370614603162e-05,2.926792114358026109e-01
8.490049367537721992e-05,2.948095002992496827e-01
8.594682731200009584e-05,2.969591112812700606e-01
8.699775935383513570e-05,2.991189397186617138e-01
8.794754830887541175e-05,3.012398204301331983e-01
8.890116441762074828e-05,3.033860930356461760e-01
8.996534597827121615e-05,3.055096039831538546e-01
9.092735126614570618e-05,3.076600242685699205e-01
9.189344564219936728e-05,3.098469643697190357e-01
9.297173528466373682e-05,3.119832218457097017e-01
9.394656808581203222e-05,3.141194793217002568e-01
9.492557001067325473e-05,3.164042439708099619e-01
9.590871923137456179e-05,3.186955842100099856e-01
9.689600847195833921e-05,3.208926406036058943e-01
9.799787221709266305e-05,3.230881795533347423e-01
9.899394353851675987e-05,3.253182150603072254e-01
9.999422036344185472e-05,3.275219482069179344e-01
1.009987463476136327e-04,3.297520848768148993e-01
1.018952898448333144e-04,3.319077656343034088e-01
1.029080594889819622e-04,3.340260161097386993e-01
1.039253329508937895e-04,3.361027897861421088e-01
1.049472266458906233e-04,3.381907925471615561e-01
1.059738497133366764e-04,3.403026697583553806e-01
1.068904603016562760e-04,3.423953260139002697e-01
1.079262656276114285e-04,3.444099856546803951e-01
1.089670258807018399e-04,3.464414383409221698e-01
1.098963257391005754e-04,3.485033410674287513e-01
1.109464938053861260e-04,3.504968576569950089e-01
1.118841755669564009e-04,3.525588615464261277e-01
1.129437878262251616e-04,3.544937036398010943e-01
1.138898733188398182e-04,3.564950097745513968e-01
1.149589807027950883e-04,3.584649554027166118e-01
1.159135572379454970e-04,3.604602929249233201e-01
1.169922907138243318e-04,3.623998896757482102e-01
1.179555110866203904e-04,3.642837456551912267e-01
1.189228496514260769e-04,3.662497459293021507e-01
1.198943500639870763e-04,3.682010775793652657e-01
1.209923357237130404e-04,3.700976800872912698e-01
1.219728801515884697e-04,3.720373780010405862e-01
1.229577901540324092e-04,3.739644305492313414e-01
1.239471457665786147e-04,3.759366017617348787e-01
1.249410270247608423e-04,3.779148427497065477e-01
1.259395503439009190e-04,3.798444243710090706e-01
1.269427448278293014e-04,3.818085025495550622e-01
1.279506977880373597e-04,3.838091005438341585e-01
1.289634528802707791e-04,3.857671089469121850e-01
1.299810683121904731e-04,3.877256231646125650e-01
1.308755017817020416e-04,3.896709862021320858e-01
1.319032890023663640e-04,3.916462934652941152e-01
1.329371152678504586e-04,3.935978274412061384e-01
1.339739683317020535e-04,3.955286230176022766e-01
1.348835357930511236e-04,3.974827872295506048e-01
1.359257585136219859e-04,3.994076141934030932e-01
1.369709061691537499e-04,4.013071504261385702e-01
1.378878368996083736e-04,4.031854424447358087e-01
1.389386161463335156e-04,4.050465367661734706e-01
1.399925386067479849e-04,4.068944799074303287e-01
1.409174001310020685e-04,4.087333183854850449e-01
1.419775217073038220e-04,4.105670987173163922e-01
1.429079566150903702e-04,4.123841871666104608e-01
1.439746556570753455e-04,4.142297023976801440e-01
1.449110277462750673e-04,4.160108780087880542e-01
1.459846826037392020e-04,4.178139048115810938e-01
1.469273120164871216e-04,4.195870885516561066e-01
1.478729536756873131e-04,4.213922397758629868e-01
1.489574933657422662e-04,4.231943561123358011e-01
1.499111094744876027e-04,4.249838270832501652e-01
1.508717687102034688e-04,4.267510422107815837e-01
1.519796205684542656e-04,4.285998958183585561e-01
1.529586588731035590e-04,4.303839039913516795e-01
1.539481891086325049e-04,4.321512202818075243e-01
1.549490261822938919e-04,4.339499982417729385e-01
1.559619850013405085e-04,4.356905063572446557e-01
1.569879241287708282e-04,4.374776505808963267e-01
1.578782539581879973e-04,4.392060191454320028e-01
1.589304883964359760e-04,4.409648377502325411e-01
1.599980460014194250e-04,4.427621994292553209e-01
1.609258470125496387e-04,4.445093842977420606e-01
1.618659152882173657e-04,4.462555575369841487e-01
1.629785983823239803e-04,4.479931319276463930e-01
1.639454567339271307e-04,4.497145202503938233e-01
1.649246405577287078e-04,4.514278155391837632e-01
1.659166591707617044e-04,4.531254305746811317e-01
1.669220364419743419e-04,4.547997781375509030e-01
1.679413981037214398e-04,4.565000234090844655e-01
1.689753844402730465e-04,4.581785186518574360e-01
1.698487321846187115e-04,4.598854406764059100e-01
1.709089556243270636e-04,4.615330812272160910e-01
1.719739520922303200e-04,4.632694416627846645e-01
1.728645875118672848e-04,4.649921451035501363e-01
1.739384315442293882e-04,4.666555670705774261e-01
1.748399226926267147e-04,4.683519681509812349e-01
1.759300794219598174e-04,4.700357238658264825e-01
1.768457586877048016e-04,4.717022818835122644e-01
1.779535232344642282e-04,4.733470898724373432e-01
1.788843364920467138e-04,4.750223479016272843e-01
1.798223966034129262e-04,4.766834431213917700e-01
1.809599343687295914e-04,4.782857626820403163e-01
1.819187455112114549e-04,4.799225787999323867e-01
1.828878739615902305e-04,4.814925262247512494e-01
1.838677853811532259e-04,4.830478050255221922e-01
1.848589308792725205e-04,4.846406152712707804e-01
1.858617906691506505e-04,4.861695917116800048e-01
1.868768449639901519e-04,4.877436868164020112e-01
1.879046030808240175e-04,4.893182877357462601e-01
1.889456034405156970e-04,4.908898537673566098e-01
1.897883339552208781e-04,4.924548442088764189e-01
1.908546400954946876e-04,4.940507905052836102e-01
1.919358619488775730e-04,4.956340914361320182e-01
1.928120327647775412e-04,4.972178981816030019e-01
1.939218200277537107e-04,4.987996816685845713e-01
1.948218123288825154e-04,5.004179849712989681e-01
1.959626679308712482e-04,5.020302184985454552e-01
1.968885771930217743e-04,5.036348648064568057e-01
1.978267537197098136e-04,5.052304064511660142e-01
1.987776631722226739e-04,5.068153259888059647e-01
1.999842497752979398e-04,5.083881059755098741e-01
2.009571035159751773e-04,5.099472289674106262e-01
2.019335515797138214e-04,5.115890020686016948e-01
2.029134484473615885e-04,5.131182819977844201e-01
2.038968814304098487e-04,5.146724480063861185e-01
2.048840979114174843e-04,5.162099221324507603e-01
2.058764948742464185e-04,5.177301985613557145e-01
2.068745670840144157e-04,5.192738436258128587e-01
2.078785473713651299e-04,5.207435385924839011e-01
2.088886394631117582e-04,5.221955300473729578e-01
2.099058037856593728e-04,5.236293121758578417e-01
2.109311608364805579e-04,5.250854513106502086e-01
2.119651908287778497e-04,5.265233811190381807e-01
2.127476618625223637e-04,5.279436074156443892e-01
2.138011623173952103e-04,5.293877081624249747e-01
2.148668572772294283e-04,5.308161286559130998e-01
2.159452851628884673e-04,5.322303863399757695e-01
2.167628263123333454e-04,5.336730708058136097e-01
2.178649447159841657e-04,5.351056389792050449e-01
2.189813967561349273e-04,5.365306199332611214e-01
2.198285219492390752e-04,5.379505427410938845e-01
2.209715603385120630e-04,5.393679364758149353e-01
2.218393201474100351e-04,5.407696499572434146e-01
2.227163786301389337e-04,5.421582122584912566e-01
2.239007153548300266e-04,5.435518327059623012e-01
2.248005475848913193e-04,5.449941125201023251e-01
2.257106243632733822e-04,5.463750876020150304e-01
2.269404940307140350e-04,5.477540394254382106e-01
2.278756146552041173e-04,5.491745692108177535e-01
2.288219984620809555e-04,5.505834652598835532e-01
2.297799364896491170e-04,5.519842682749919183e-01
2.307471731910482049e-04,5.533805189584991568e-01
2.317175094503909349e-04,5.548168301600956420e-01
2.326908143004402518e-04,5.561842494101294498e-01
2.339933416806161404e-04,5.575841419589177006e-01
2.349739370401948690e-04,5.589232355901004867e-01
2.359576610615476966e-04,5.603028955539949285e-01
2.369445865042507648e-04,5.616709217815756272e-01
2.379347715759649873e-04,5.630161863511509157e-01
2.389283035881817341e-04,5.643432415943222535e-01
2.399252989562228322e-04,5.657133922433166262e-01
2.409258304396644235e-04,5.670343777110196104e-01
2.419299999019131064e-04,5.683518224763663973e-01
2.429378946544602513e-04,5.697113510182917340e-01
2.439496311126276851e-04,5.710207027496809751e-01
2.449660678394138813e-04,5.723665742968031545e-01
2.459877287037670612e-04,5.736977772198774694e-01
2.466725127305835485e-04,5.750198754797496425e-01
2.477056696079671383e-04,5.763227527839730469e-01
2.487464225850999355e-04,5.776530452407270255e-01
2.497962268535047770e-04,5.789605760394759271e-01
2.508558682166039944e-04,5.802519207703099591e-01
2.519257250241935253e-04,5.815336550233193291e-01
2.526448515709489584e-04,5.827966741353023394e-01
2.537326945457607508e-04,5.840886258436831513e-01
2.548318880144506693e-04,5.854170973677966794e-01
2.559428685344755650e-04,5.866361106076360965e-01
2.566902840044349432e-04,5.878911378485860428e-01
2.578218991402536631e-04,5.891897663099815441e-01
2.589665527921169996e-04,5.904270900391497268e-01
2.597371349111199379e-04,5.916517684027592372e-01
2.609046059660613537e-04,5.929124607674792768e-01
2.616909041535109282e-04,5.941610135812633864e-01
2.628827060107141733e-04,5.953082011447303756e-01
2.636857097968459129e-04,5.965405678905993936e-01
2.649033849593251944e-04,5.977532078661973447e-01
2.657241420820355415e-04,5.989957920674376934e-01
2.669692330528050661e-04,6.001801064241844008e-01
2.678088494576513767e-04,6.013558219323515974e-01
2.686562947928905487e-04,6.025158571872260005e-01
2.699425967875868082e-04,6.036688110373876759e-01
2.708066313061863184e-04,6.048232823314163564e-01
2.716725866775959730e-04,6.060289420652260617e-01
2.729752450250089169e-04,6.072386483160141513e-01
2.738462062552571297e-04,6.084463313083130487e-01
2.747192338574677706e-04,6.096616015199471939e-01
2.755943278316408396e-04,6.108783891754482331e-01
2.769110724329948425e-04,6.121316966466822107e-01
2.777917543426156044e-04,6.133343214927577947e-01
2.786748809739947319e-04,6.145369463388331566e-01
2.795606851577758789e-04,6.157335014094407200e-01
2.808955614455044270e-04,6.169179169291119091e-01
2.817895729094743729e-04,6.180998033756714971e-01
2.826863492373377085e-04,6.192887712269437017e-01
2.835858031176030636e-04,6.205198228547949002e-01
2.849401498679071665e-04,6.216900755650406341e-01
2.858465304598212242e-04,6.228502119828395189e-01
2.867557632271200418e-04,6.240509147333501705e-01
2.876679354812949896e-04,6.252460535230149885e-01
2.885830472223460674e-04,6.264716423529447242e-01
2.899619867093861103e-04,6.276258101582000704e-01
2.908860915340483189e-04,6.288170035938108748e-01
2.918141253758221865e-04,6.299433515948372753e-01
2.927461755461990833e-04,6.311386927103510569e-01
2.936823293566703796e-04,6.323178477579501910e-01
2.946227323263883591e-04,6.334367097025661586e-01
2.955681993626058102e-04,6.345323041745544179e-01
2.969972556456923485e-04,6.356005846569365847e-01
2.979586133733391762e-04,6.366531848860259579e-01
2.989272470586001873e-04,6.377428107454706785e-01
2.999033313244581223e-04,6.388096749469102109e-01
3.008870407938957214e-04,6.399074950032369591e-01
3.018786374013870955e-04,6.409931755086274441e-01
3.028782666660845280e-04,6.420236210572584090e-01
3.038861614186316729e-04,6.430936213093563225e-01
3.049025544896721840e-04,6.441033284584714025e-01
3.059276496060192585e-04,6.451632124181224670e-01
3.069617087021470070e-04,6.461734253818599560e-01
3.074821725022047758e-04,6.472130767566175447e-01
3.085300850216299295e-04,6.482390711365719760e-01
3.095876018051058054e-04,6.492650655165262963e-01
3.106549556832760572e-04,6.502890366379913134e-01
3.117324376944452524e-04,6.513089612424777242e-01
3.128203679807484150e-04,6.523795684721223065e-01
3.139189793728291988e-04,6.534177024030128900e-01
3.144724178127944469e-04,6.544624119239939031e-01
3.155877056997269392e-04,6.555527459239098853e-01
3.167144895996898413e-04,6.566055484788483332e-01
3.178530896548181772e-04,6.577166208782804224e-01
3.184269298799335957e-04,6.587871269450005229e-01
3.195821191184222698e-04,6.598561155678539514e-01
3.207408881280571222e-04,6.609626356356849142e-01
3.219026839360594749e-04,6.620646033719147505e-01
3.224847896490246058e-04,6.631199349999647996e-01
3.236513875890523195e-04,6.641266072613458693e-01
3.248213324695825577e-04,6.652204819636182709e-01
3.259946824982762337e-04,6.663027229295768183e-01
3.265826380811631680e-04,6.674133906773109803e-01
3.277611685916781425e-04,6.684135885115259912e-01
3.289432206656783819e-04,6.695126225229462991e-01
3.295356291346251965e-04,6.705559157629847888e-01
3.307231818325817585e-04,6.715835287497305961e-01
3.319145180284976959e-04,6.725944498539393468e-01
3.325116413179785013e-04,6.735876674463660008e-01
3.337089146953076124e-04,6.746189222983927092e-01
3.349102044012397528e-04,6.755903898620588821e-01
3.355123917572200298e-04,6.765988830560804024e-01
3.367197932675480843e-04,6.776033297331229832e-01
3.379312402103096247e-04,6.786037298931870687e-01
3.385385207366198301e-04,6.795433311356458006e-01
3.397567779757082462e-04,6.805600185265491264e-01
3.409805358387529850e-04,6.815569791471811634e-01
3.415945102460682392e-04,6.824941524794526648e-01
3.428267955314368010e-04,6.834282909239901560e-01
3.434451355133205652e-04,6.843593944807936369e-01
3.446863265708088875e-04,6.853852876978234754e-01
3.459336876403540373e-04,6.863534168849820816e-01
3.465597110334783792e-04,6.872647936715143846e-01
3.478165599517524242e-04,6.882329228586729908e-01
3.484474727883934975e-04,6.891609915277422393e-01
3.497153811622411013e-04,6.901878963740170070e-01
3.509915841277688742e-04,6.912021558547331024e-01
3.516328579280525446e-04,6.921490408277535256e-01
3.529218956828117371e-04,6.930452431756154441e-01
3.535697178449481726e-04,6.940453398469059731e-01
3.548721142578870058e-04,6.950535295521541590e-01
3.555267176125198603e-04,6.960150831492223356e-01
3.568429674487560987e-04,6.970131565620235614e-01
3.575046430341899395e-04,6.978951961004600246e-01
3.588352701626718044e-04,6.988725311137453655e-01
3.595046873670071363e-04,6.998493603124081863e-01
3.608532424550503492e-04,7.008120267016456628e-01
3.615324967540800571e-04,7.017214813926130335e-01
3.629011916927993298e-04,7.026765605625152622e-01
3.635907487478107214e-04,7.036225350692154601e-01
3.649804857559502125e-04,7.045614281712028193e-01
3.656807821244001389e-04,7.054952631269670871e-01
3.663847746793180704e-04,7.064671353423310762e-01
3.678040229715406895e-04,7.073822551570684292e-01
3.685193369165062904e-04,7.082993982302953073e-01
3.699616063386201859e-04,7.092616599678348566e-01
3.706886782310903072e-04,7.101585704561681478e-01
3.714197373483330011e-04,7.110332251011183269e-01
3.728942538145929575e-04,7.119033274144674905e-01
3.736378275789320469e-04,7.128276530553316892e-01
3.743856505025178194e-04,7.137524845108180749e-01
3.758944803848862648e-04,7.145830321207002900e-01
3.766555746551603079e-04,7.154592042095175852e-01
3.774205688387155533e-04,7.164240961830932175e-01
3.789542242884635925e-04,7.173839300104456473e-01
3.797229146584868431e-04,7.183016800612193054e-01
3.804929147008806467e-04,7.192214533704821555e-01
3.812641953118145466e-04,7.200327800247157128e-01
3.828107146546244621e-04,7.208912486017510224e-01
3.835859824903309345e-04,7.218556347607043566e-01
3.843626182060688734e-04,7.227754080699673178e-01
3.859199932776391506e-04,7.237357477119419347e-01
3.867007908411324024e-04,7.246018035083126030e-01
3.874830435961484909e-04,7.254734232655287718e-01
3.882667515426874161e-04,7.263937023894140310e-01
3.898386203218251467e-04,7.273656757677025020e-01
3.906268393620848656e-04,7.282798851161199627e-01
3.914165718015283346e-04,7.291804374697340441e-01
3.922078758478164673e-04,7.301271201169053926e-01
3.937952278647571802e-04,7.310261550266523578e-01
3.945912758354097605e-04,7.319216492340431257e-01
3.953889827243983746e-04,7.328166376268114846e-01
3.969893732573837042e-04,7.337141550926915556e-01
3.977921151090413332e-04,7.346015562661247777e-01
3.985966031905263662e-04,7.355229481821792259e-01
3.994028375018388033e-04,7.364413052104996638e-01
4.002108180429786444e-04,7.373039214674381725e-01
4.018321342300623655e-04,7.381549039880630492e-01
4.026454989798367023e-04,7.390383598074421467e-01
4.034606681670993567e-04,7.399172632952200068e-01
4.042776126880198717e-04,7.407956609683755689e-01
4.059166240040212870e-04,7.417029912379290435e-01
4.067386907991021872e-04,7.426032401027696794e-01
4.075625329278409481e-04,7.435014657091210122e-01
4.083881212864071131e-04,7.443302935492872585e-01
4.092154849786311388e-04,7.451348422875812005e-01
4.108757129870355129e-04,7.459759108416080808e-01
4.117086355108767748e-04,7.468018049569647987e-01
4.125434788875281811e-04,7.476175827798747786e-01
4.133802722208201885e-04,7.484850548571877482e-01
4.142190155107527971e-04,7.492967861631188997e-01
4.159024974796921015e-04,7.500989069912256113e-01
4.167472652625292540e-04,7.508397230871048933e-01
4.175940994173288345e-04,7.516778579163220231e-01
4.184429999440908432e-04,7.525215567063850974e-01
4.192940250504761934e-04,7.533612089794694544e-01
4.201471456326544285e-04,7.541461321104165894e-01
4.218595568090677261e-04,7.549224563927839915e-01
4.227188474033027887e-04,7.556952399727949743e-01
4.235802625771611929e-04,7.564695409966730733e-01
4.244437732268124819e-04,7.572914897579755555e-01
4.253094666637480259e-04,7.581104036315439165e-01
4.261773137841373682e-04,7.589323523928463988e-01
4.279196436982601881e-04,7.598044779646848657e-01
4.287942138034850359e-04,7.605792848031852627e-01
4.296711122151464224e-04,7.613596556025314932e-01
4.305503680370748043e-04,7.621917206562807134e-01
4.314329125918447971e-04,7.629837251919406871e-01
4.323187458794564009e-04,7.638385519036950955e-01
4.332079261075705290e-04,7.646487657657593529e-01
4.349965602159500122e-04,7.654761773249830759e-01
4.358961596153676510e-04,7.663258447275898000e-01
4.367993387859314680e-04,7.671714656132175847e-01
4.377061850391328335e-04,7.680591702754242522e-01
4.386166983749717474e-04,7.688972039417172333e-01
4.395309078972786665e-04,7.697316969056536839e-01
4.404489009175449610e-04,7.705677073134571398e-01
4.413706774357706308e-04,7.714102933113511362e-01
4.422962956596165895e-04,7.722488327922663043e-01
4.432259884197264910e-04,7.731294560497602442e-01
4.441601631697267294e-04,7.739604083113401645e-01
4.450989363249391317e-04,7.747878198705639985e-01
4.469905106816440821e-04,7.756578210209887914e-01
4.479433700907975435e-04,7.765197291374560384e-01
4.489010316319763660e-04,7.773796139954339823e-01
4.498634370975196362e-04,7.781867929697640074e-01
4.508307029027491808e-04,7.790284685013378896e-01
4.518027708400040865e-04,7.798128858176627265e-01
4.527797282207757235e-04,7.806429276129226436e-01
4.537615750450640917e-04,7.814679112619590251e-01
4.547483113128691912e-04,7.822939065402401138e-01
4.557400243356823921e-04,7.830702308226076269e-01
4.567367141135036945e-04,7.838840865499525634e-01
4.577383806463330984e-04,7.846847910971167517e-01
4.587451112456619740e-04,7.854216618389415761e-01
4.597569350153207779e-04,7.861975814696109399e-01
4.607738810591399670e-04,7.870186197645934190e-01
4.617960075847804546e-04,7.877783533273480243e-01
4.628234601113945246e-04,7.885806764813035885e-01
4.638545215129852295e-04,7.892937739358784066e-01
4.648879112210124731e-04,7.900616005325904467e-01
4.659236583393067122e-04,7.909312981942420162e-01
4.669618210755288601e-04,7.917153108588690369e-01
4.680024576373398304e-04,7.925018525966075478e-01
4.690455389209091663e-04,7.932813129296334420e-01
4.700911813415586948e-04,7.941008337807485828e-01
4.711394140031188726e-04,7.949107441540395058e-01
4.721902369055896997e-04,7.956770533068846518e-01
4.732437373604625463e-04,7.965036555627122983e-01
4.743001481983810663e-04,7.972841275249827886e-01
4.753594985231757164e-04,7.980656111164982081e-01
4.764219047501683235e-04,7.988541761127262442e-01
4.774873668793588877e-04,7.996558922891352506e-01
4.785560013260692358e-04,8.004200770205663895e-01
4.796278080902993679e-04,8.011928606005773723e-01
4.807029035873711109e-04,8.019793011753916234e-01
4.817812878172844648e-04,8.027844568912322343e-01
4.828629607800394297e-04,8.035977056410305019e-01
4.839479806832969189e-04,8.044651777183433605e-01
4.850362020079046488e-04,8.053361904980128605e-01
4.861275956500321627e-04,8.061600613548803862e-01
4.872221907135099173e-04,8.070396729831295080e-01
4.883198998868465424e-04,8.079243427576020542e-01
4.894206649623811245e-04,8.087223159058055666e-01
4.905246314592659473e-04,8.095765356400134172e-01
4.916317993775010109e-04,8.104353077058221722e-01
4.927426925860345364e-04,8.113447623967894318e-01
4.938573110848665237e-04,8.121563925397961015e-01
4.949756548739969730e-04,8.129720691997815996e-01
4.960979567840695381e-04,8.138369110410584861e-01
4.972242168150842190e-04,8.147559762098501857e-01
4.983544931747019291e-04,8.156375099336641288e-01
4.994887858629226685e-04,8.164708901054316126e-01
5.006272112950682640e-04,8.173579877900916113e-01
5.017697694711387157e-04,8.182471087332405801e-01
5.029165768064558506e-04,8.190865586804760845e-01
5.040674586780369282e-04,8.199214562961103514e-01
5.052222404628992081e-04,8.207401678438298598e-01
5.063812131993472576e-04,8.216034922412398522e-01
5.075443768873810768e-04,8.224597352339368950e-01
5.087118479423224926e-04,8.232572025675179983e-01
5.098836263641715050e-04,8.240566931595885158e-01
5.110591882839798927e-04,8.249033256744612297e-01
5.122385337017476559e-04,8.257454058577329281e-01
5.134217208251357079e-04,8.265469197082927488e-01
5.146087496541440487e-04,8.274097382910802212e-01
5.157996201887726784e-04,8.282821673516922445e-01
5.169944488443434238e-04,8.292103371836860859e-01
5.181932938285171986e-04,8.300457406139427619e-01
5.193963297642767429e-04,8.309313208547355334e-01
5.206036730669438839e-04,8.317175591037008209e-01
5.218153237365186214e-04,8.326031393444937034e-01
5.230313981883227825e-04,8.333974706274164257e-01
5.242518964223563671e-04,8.342424845354975416e-01
5.254768184386193752e-04,8.351011554383818147e-01
5.267062224447727203e-04,8.359364577057140089e-01
5.279401666484773159e-04,8.367924983725623100e-01
5.291786510497331619e-04,8.376155599260337592e-01
5.304217920638620853e-04,8.385465623199126473e-01
5.316695896908640862e-04,8.394917275232171017e-01
5.329220439307391644e-04,8.403983496522994256e-01
5.341793294064700603e-04,8.413105357422272501e-01
5.354413879103958607e-04,8.422313206807349184e-01
5.367082776501774788e-04,8.431637393555564408e-01
5.379801150411367416e-04,8.441108266544259386e-01
5.392569582909345627e-04,8.450599372117846286e-01
5.405388656072318554e-04,8.460551780627006968e-01
5.418255459517240524e-04,8.469616990288583169e-01
5.431169411167502403e-04,8.478793479167074931e-01
5.444127018563449383e-04,8.488512201320715933e-01
5.457121878862380981e-04,8.497668457614313553e-01
5.470148171298205853e-04,8.507260726112368943e-01
5.483206477947533131e-04,8.516908634218881557e-01
5.496293888427317142e-04,8.526075006804925138e-01
5.509421462193131447e-04,8.535190797928736695e-01
5.522586870938539505e-04,8.544843764181473400e-01
5.535788950510323048e-04,8.554086008960868348e-01
5.549024790525436401e-04,8.563759207798498085e-01
5.562292644754052162e-04,8.572347940085830453e-01
5.575593095272779465e-04,8.581408091601184784e-01
5.588926724158227444e-04,8.590392370923187748e-01
5.602293531410396099e-04,8.599321010636733487e-01
5.615704576484858990e-04,8.608214243326712811e-01
5.629157531075179577e-04,8.617503023051364952e-01
5.642650648951530457e-04,8.626239453208421892e-01
5.656183930113911629e-04,8.635422011862379232e-01
5.669755628332495689e-04,8.644670326417245310e-01
5.683365161530673504e-04,8.654014745750352455e-01
5.697012529708445072e-04,8.663485618739046323e-01
5.710697150789201260e-04,8.672545770254398434e-01
5.724419606849551201e-04,8.682036875827987554e-01
5.738180479966104031e-04,8.691011038857542337e-01
5.751979770138859749e-04,8.700466737407566153e-01
5.765817477367818356e-04,8.709866796349132745e-01
5.779694765806198120e-04,8.718830843086240456e-01
5.793612217530608177e-04,8.727946634210052013e-01
5.807570414617657661e-04,8.736256156825853436e-01
5.821571103297173977e-04,8.745148377886589053e-01
5.835613701492547989e-04,8.754633413684708154e-01
5.849699373356997967e-04,8.764320775331764235e-01
5.863829283043742180e-04,8.773252449933042207e-01
5.878004594705998898e-04,8.782817404441491949e-01
5.892225890420377254e-04,8.792458231143291947e-01
5.906493752263486385e-04,8.802185046330889273e-01
5.920809926465153694e-04,8.812007966296732109e-01
5.935174995101988316e-04,8.821937107333266415e-01
5.949588958173990250e-04,8.831982585732935931e-01
5.964052979834377766e-04,8.842154517788193280e-01
5.978567642159759998e-04,8.851895495785215839e-01
5.993134109303355217e-04,8.862183765203612840e-01
6.007753545418381691e-04,8.872618720862485153e-01
6.022426532581448555e-04,8.883053676521358577e-01
6.037154234945774078e-04,8.893498748472679072e-01
6.051938398741185665e-04,8.903553331535554172e-01
6.066778441891074181e-04,8.913628147183321193e-01
6.081676110625267029e-04,8.923723195415981246e-01
6.096631987020373344e-04,8.934249197706876089e-01
6.111646071076393127e-04,8.944238024868845782e-01
6.126693333499133587e-04,8.954667922381496226e-01
6.141774356365203857e-04,8.964981482531008128e-01
6.156888557597994804e-04,8.974778100136489023e-01
6.172037683427333832e-04,8.984057775197938911e-01
6.187222898006439209e-04,8.994199358375855047e-01
6.202443037182092667e-04,9.003667196476813350e-01
6.217696354724466801e-04,9.012872010974157799e-01
6.232984014786779881e-04,9.022381325874148095e-01
6.248306017369031906e-04,9.031794535995893991e-01
6.263662362471222878e-04,9.041689281638108922e-01
6.279055378399789333e-04,9.051107549906078908e-01
6.294483901001513004e-04,9.060470178565592780e-01
6.309950258582830429e-04,9.069376562435754741e-01
6.325455033220350742e-04,9.079372471002435940e-01
6.340999389067292213e-04,9.088932367364662701e-01
6.356583326123654842e-04,9.098477089288218300e-01
6.372206262312829494e-04,9.107606031592210272e-01
6.387869361788034439e-04,9.116886718282903868e-01
6.403572624549269676e-04,9.126319149360297978e-01
6.419316632673144341e-04,9.135903324824398153e-01
6.435101968236267567e-04,9.145639244675196622e-01
6.450928049162030220e-04,9.155526908912697825e-01
6.466794875450432301e-04,9.165566317536901764e-01
6.482702447101473808e-04,9.175346749074466679e-01
6.498651346191763878e-04,9.185268808706288368e-01
6.514640990644693375e-04,9.195733101613257077e-01
6.530672544613480568e-04,9.206328906322035488e-01
6.546746008098125458e-04,9.216645501359282955e-01
6.562860216945409775e-04,9.227651015912153865e-01
6.579016917385160923e-04,9.238210401968123264e-01
6.595214945264160633e-04,9.248881067241008225e-01
6.611454882659018040e-04,9.259652895438359455e-01
6.627737311646342278e-04,9.270358967734807498e-01
6.644062814302742481e-04,9.281145970370829890e-01
6.660431390628218651e-04,9.292571311060245920e-01
6.676844786852598190e-04,9.303499941790520644e-01
6.693302420899271965e-04,9.314332467742554300e-01
6.709804874844849110e-04,9.325058772623896486e-01
6.726352730765938759e-04,9.335258018668759483e-01
6.742945406585931778e-04,9.345888218771853939e-01
6.759584066458046436e-04,9.355961011161133545e-01
6.776269292458891869e-04,9.366434408731306727e-01
6.793001666665077209e-04,9.376730771183657831e-01
6.809782935306429863e-04,9.386996784758669943e-01
6.826616008765995502e-04,9.396811611690554233e-01
6.843501469120383263e-04,9.406565740867757208e-01
6.860440480522811413e-04,9.416238939705388056e-01
6.877434789203107357e-04,9.426378499624815666e-01
6.894484977237880230e-04,9.436563582860253430e-01
6.911592208780348301e-04,9.446784073119253167e-01
6.928758230060338974e-04,9.457440575582714004e-01
6.945984205231070518e-04,9.467554844771023381e-01
6.963270134292542934e-04,9.477273566924662163e-01
6.980617181397974491e-04,9.487144033465003679e-01
6.998027674853801727e-04,9.497302814340079502e-01
7.015499868430197239e-04,9.507729676964997712e-01
7.033030269667506218e-04,9.518247586221934009e-01
7.050608983263373375e-04,9.528836309525999804e-01
7.068238919600844383e-04,9.540043138298565095e-01
7.085920078679919243e-04,9.550879710767575803e-01
7.103653624653816223e-04,9.561736515821480653e-01
7.121440721675753593e-04,9.572750123408310108e-01
7.139282533898949623e-04,9.583489579469832709e-01
7.157179643400013447e-04,9.594745978075387427e-01
7.175133214332163334e-04,9.606088365166737253e-01
7.193143828772008419e-04,9.617085786685652948e-01
7.211212650872766972e-04,9.628529336701472374e-01
7.229339680634438992e-04,9.639420537149698820e-01
7.247526082210242748e-04,9.650296563159250773e-01
7.265771855600178242e-04,9.661694589859060045e-01
7.284078164957463741e-04,9.672616139184623263e-01
7.302445010282099247e-04,9.683598386264871127e-01
7.320872391574084759e-04,9.694610982222455764e-01
7.339360890910029411e-04,9.705466775647115796e-01
7.357911090366542339e-04,9.716292220194434615e-01
7.376524154096841812e-04,9.727213769520002273e-01
7.395199500024318695e-04,9.738201074746468677e-01
7.413938292302191257e-04,9.749223786996501495e-01
7.432736456394195557e-04,9.760251557392758404e-01
7.451567798852920532e-04,9.771664758531238837e-01
7.470432319678366184e-04,9.782054190874100996e-01
7.489331183023750782e-04,9.792357634731164717e-01
7.508264388889074326e-04,9.802945346405986804e-01
7.527232519350945950e-04,9.813533058080807780e-01
7.546236156485974789e-04,9.824247223411208818e-01
7.565275300294160843e-04,9.836035738999465705e-01
7.584351697005331516e-04,9.846521276120574484e-01
7.603465928696095943e-04,9.857209139090614691e-01
7.622617995366454124e-04,9.868058862739808035e-01
7.641807897016406059e-04,9.879029981898364010e-01
7.661037379875779152e-04,9.890082031396491002e-01
7.680305861867964268e-04,9.901174546064406279e-01
7.699614507146179676e-04,9.912834584738589028e-01
7.718963897787034512e-04,9.924621077068354058e-01
7.738354033790528774e-04,9.935936150170099346e-01
7.757785497233271599e-04,9.947306862880300748e-01
7.777258870191872120e-04,9.959260274035439675e-01
7.796775316819548607e-04,9.970220265272300431e-01
7.816335419192910194e-04,9.981682024614524362e-01
7.835939177311956882e-04,9.992783643945645222e-01
7.855587755329906940e-04,1.000445278728302911e+00
7.875281735323369503e-04,1.001608146545062361e+00
7.895021117292344570e-04,1.002819673728491123e+00
7.914807647466659546e-04,1.003937928695560311e+00
7.934640743769705296e-04,1.005055677848007090e+00
7.954522152431309223e-04,1.006224615440234782e+00
7.974452455528080463e-04,1.007399622807930495e+00
7.994431653060019016e-04,1.008576653434115622e+00
8.014460327103734016e-04,1.009751660801811335e+00
8.034540223889052868e-04,1.010879526246704962e+00
8.054671925492584705e-04,1.011996263769907145e+00
8.074856596067547798e-04,1.013153567625820761e+00
8.095094817690551281e-04,1.014265247002799741e+00
8.115388336591422558e-04,1.015408388049288124e+00
8.135737734846770763e-04,1.016578944248307304e+00
8.156144176609814167e-04,1.017650664270121075e+00
8.176608243957161903e-04,1.018716314516467047e+00
8.197131683118641376e-04,1.019868661389081943e+00
8.217715076170861721e-04,1.021022525705563844e+00
8.238359005190432072e-04,1.022133800430844897e+00
8.259064634330570698e-04,1.023214119301238512e+00
8.279834873974323273e-04,1.024315176571148234e+00
8.300670306198298931e-04,1.025431914094350416e+00
8.321572677232325077e-04,1.026559273724621413e+00
8.342544315382838249e-04,1.027651125168404622e+00
8.363585220649838448e-04,1.028758151050857883e+00
8.384698885492980480e-04,1.029931033997139922e+00
8.405885309912264347e-04,1.031066891313066725e+00
8.427147404290735722e-04,1.032216405623796129e+00
8.448486914858222008e-04,1.033430259554487751e+00
8.469904423691332340e-04,1.034662322811583435e+00
8.491401677019894123e-04,1.035907537248859978e+00
8.512980421073734760e-04,1.037104092319467430e+00
8.534642402082681656e-04,1.038302670648564296e+00
8.556362590752542019e-04,1.039512882713974795e+00
8.578132255934178829e-04,1.040785411140857653e+00
8.599956636317074299e-04,1.042017373235028854e+00
8.621836313977837563e-04,1.043300523768980970e+00
8.643772453069686890e-04,1.044573052195863827e+00
8.665765635669231415e-04,1.045788828222120159e+00
8.687817608006298542e-04,1.047055286873535218e+00
8.709928952157497406e-04,1.048269545455924323e+00
8.732099668122828007e-04,1.049482286594446645e+00
8.754332084208726883e-04,1.050744192914260466e+00
8.776626200415194035e-04,1.051895629320555026e+00
8.798983762972056866e-04,1.053027338956578518e+00
8.821401861496269703e-04,1.054245745218871155e+00
8.843880495987832546e-04,1.055365821118580794e+00
8.866420830599963665e-04,1.056478309798955184e+00
8.889022283256053925e-04,1.057617202002615997e+00
8.911685436032712460e-04,1.058735355806760481e+00
8.934411453083157539e-04,1.059858061942506424e+00
8.957200334407389164e-04,1.060953858740343758e+00
8.980053244158625603e-04,1.062072417196186391e+00
9.002969018183648586e-04,1.063206655905321485e+00
9.025949402712285519e-04,1.064406245863662948e+00
9.048994979821145535e-04,1.065582973001074851e+00
9.072105167433619499e-04,1.066745436166136374e+00
9.095279965549707413e-04,1.067983366872851114e+00
9.118519374169409275e-04,1.069289683716506456e+00
9.141824557445943356e-04,1.070560492373673345e+00
9.165194933302700520e-04,1.071845463840265911e+00
9.188631665892899036e-04,1.073096444564237029e+00
9.212133591063320637e-04,1.074362093912256233e+00
9.235700126737356186e-04,1.075649999103658105e+00
9.259333019144833088e-04,1.077049891652446245e+00
9.283032850362360477e-04,1.078360052687231452e+00
9.306799620389938354e-04,1.079726966122642740e+00
9.330636821687221527e-04,1.081045726006007568e+00
9.354543872177600861e-04,1.082308239303368058e+00
9.378523100167512894e-04,1.083577834005441609e+00
9.402573923580348492e-04,1.084902157849651827e+00
9.426698088645935059e-04,1.086175293254081797e+00
9.450896759517490864e-04,1.087542712504115494e+00
9.475169936195015907e-04,1.088801685099119787e+00
9.499519364908337593e-04,1.090097683324479094e+00
9.523946209810674191e-04,1.091381541998902360e+00
9.548451052978634834e-04,1.092604095941098308e+00
9.573034476488828659e-04,1.093869745289117290e+00
9.597698226571083069e-04,1.095129324861668252e+00
9.622442885302007198e-04,1.096359061371501298e+00
9.647269616834819317e-04,1.097590037127198492e+00
9.672179585322737694e-04,1.098815890022114994e+00
9.697173372842371464e-04,1.100036770312986967e+00
9.722252725623548031e-04,1.101252828256510830e+00
9.747387957759201527e-04,1.102464214109383445e+00
9.772566845640540123e-04,1.103671078128301231e+00
9.797789389267563820e-04,1.104873570569961050e+00
9.823058499023318291e-04,1.106071841691059321e+00
9.848373010754585266e-04,1.107266041748292906e+00
9.873735252767801285e-04,1.108456320998358446e+00
9.899146389216184616e-04,1.109642829697952360e+00
9.924605255946516991e-04,1.110825718103771287e+00
9.950115345418453217e-04,1.112005136472512090e+00
9.975676657631993294e-04,1.113181235060871188e+00
1.000129035674035549e-03,1.114354164125545221e+00
