t,P_c,u_c,R_c
0.000000e+00,-0.000000e+00,0.000000e+00,1.043476e-01
4.999980e-05,9.325961e+06,-1.687115e+02,1.043476e-01
9.999866e-05,6.144041e+05,-3.920259e+02,1.043476e-01
1.499977e-04,8.476064e+04,-4.316369e+02,1.043476e-01
1.999908e-04,3.579120e+04,-2.124779e+02,1.043476e-01
2.499885e-04,1.988829e+04,-1.476155e+02,1.043476e-01
2.999975e-04,1.304544e+04,-1.172792e+02,1.043476e-01
3.499770e-04,9.427399e+03,-9.932478e+01,1.043476e-01
3.999808e-04,7.238524e+03,-8.726378e+01,1.043476e-01
4.499777e-04,5.794102e+03,-7.852179e+01,1.043476e-01
4.999696e-04,4.780549e+03,-7.184373e+01,1.043476e-01
5.499753e-04,4.036552e+03,-6.654890e+01,1.043476e-01
5.999854e-04,3.471343e+03,-6.223331e+01,1.043476e-01
6.499572e-04,3.030161e+03,-5.864053e+01,1.043476e-01
6.999559e-04,2.677438e+03,-5.559225e+01,1.043476e-01
7.499891e-04,2.390033e+03,-5.296671e+01,1.043476e-01
7.999508e-04,2.152468e+03,-5.067972e+01,1.043476e-01
8.499987e-04,1.952781e+03,-4.865956e+01,1.043476e-01
8.999803e-04,1.783411e+03,-4.686250e+01,1.043476e-01
9.499910e-04,1.637928e+03,-4.524591e+01,1.043476e-01
9.999899e-04,1.512028e+03,-4.378364e+01,1.043476e-01
1.049964e-03,1.402357e+03,-4.245308e+01,1.043476e-01
1.099933e-03,1.306258e+03,-4.124383e+01,1.043476e-01
1.149945e-03,1.220646e+03,-4.013597e+01,1.043476e-01
1.199934e-03,1.144207e+03,-3.911517e+01,1.043476e-01
1.249994e-03,1.075519e+03,-3.816796e+01,1.043476e-01
1.299943e-03,1.013802e+03,-3.728857e+01,1.043476e-01
1.349984e-03,9.578986e+02,-3.646656e+01,1.043476e-01
1.399951e-03,9.072091e+02,-3.569814e+01,1.043476e-01
1.449919e-03,8.610024e+02,-3.497676e+01,1.043476e-01
1.499981e-03,8.186885e+02,-3.429680e+01,1.043476e-01
1.549986e-03,7.799274e+02,-3.365626e+01,1.043476e-01
1.599953e-03,7.442940e+02,-3.305099e+01,1.043476e-01
1.649998e-03,7.113757e+02,-3.247673e+01,1.043476e-01
1.699978e-03,6.809624e+02,-3.193221e+01,1.043476e-01
1.749930e-03,6.527765e+02,-3.141461e+01,1.043476e-01
1.799989e-03,6.265235e+02,-3.092037e+01,1.043476e-01
1.849920e-03,6.021294e+02,-3.044991e+01,1.043476e-01
1.899966e-03,5.793064e+02,-2.999932e+01,1.043476e-01
1.949992e-03,5.579714e+02,-2.956832e+01,1.043476e-01
1.999957e-03,5.380006e+02,-2.915580e+01,1.043476e-01
2.049927e-03,5.192546e+02,-2.876004e+01,1.043476e-01
2.099970e-03,5.016050e+02,-2.837935e+01,1.043476e-01
2.149951e-03,4.850045e+02,-2.801382e+01,1.043476e-01
2.199943e-03,4.693458e+02,-2.766190e+01,1.043476e-01
2.249916e-03,4.545631e+02,-2.732302e+01,1.043476e-01
2.299953e-03,4.405647e+02,-2.699579e+01,1.043476e-01
2.349914e-03,4.273279e+02,-2.668036e+01,1.043476e-01
2.399885e-03,4.147756e+02,-2.637565e+01,1.043476e-01
2.449958e-03,4.028328e+02,-2.608038e+01,1.043476e-01
2.499994e-03,3.914904e+02,-2.579474e+01,1.043476e-01
2.549968e-03,3.807082e+02,-2.551826e+01,1.043476e-01
2.599978e-03,3.704244e+02,-2.524946e+01,1.043476e-01
2.649880e-03,3.606365e+02,-2.498843e+01,1.043476e-01
2.699897e-03,3.512859e+02,-2.473458e+01,1.043476e-01
2.749888e-03,3.423780e+02,-2.448880e+01,1.043476e-01
2.799961e-03,3.338653e+02,-2.425026e+01,1.043476e-01
2.849971e-03,3.257402e+02,-2.401918e+01,1.043476e-01
2.899899e-03,3.179737e+02,-2.379512e+01,1.043476e-01
2.949987e-03,3.105054e+02,-2.357650e+01,1.043476e-01
2.999960e-03,3.033553e+02,-2.336420e+01,1.043476e-01
3.049932e-03,2.964861e+02,-2.315742e+01,1.043476e-01
3.099889e-03,2.898840e+02,-2.295594e+01,1.043476e-01
3.149950e-03,2.835211e+02,-2.275904e+01,1.043476e-01
3.199969e-03,2.774026e+02,-2.256713e+01,1.043476e-01
3.249930e-03,2.715156e+02,-2.238008e+01,1.043476e-01
3.299959e-03,2.658363e+02,-2.219723e+01,1.043476e-01
3.349902e-03,2.603714e+02,-2.201903e+01,1.043476e-01
3.399889e-03,2.550948e+02,-2.184482e+01,1.043476e-01
3.449907e-03,2.499999e+02,-2.167450e+01,1.043476e-01
3.499946e-03,2.450779e+02,-2.150800e+01,1.043476e-01
3.549997e-03,2.403202e+02,-2.134495e+01,1.043476e-01
3.599897e-03,2.357310e+02,-2.118557e+01,1.043476e-01
3.649935e-03,2.312790e+02,-2.102882e+01,1.043476e-01
3.699951e-03,2.269741e+02,-2.087526e+01,1.043476e-01
3.749934e-03,2.228120e+02,-2.072496e+01,1.043476e-01
3.799876e-03,2.187904e+02,-2.057795e+01,1.043476e-01
3.849919e-03,2.148940e+02,-2.043385e+01,1.043476e-01
3.899903e-03,2.111276e+02,-2.029301e+01,1.043476e-01
3.949973e-03,2.074748e+02,-2.015501e+01,1.043476e-01
3.999963e-03,2.039418e+02,-2.002008e+01,1.043476e-01
4.049864e-03,2.005237e+02,-1.988819e+01,1.043476e-01
4.099986e-03,1.971926e+02,-1.975834e+01,1.043476e-01
4.149838e-03,1.939761e+02,-1.963171e+01,1.043476e-01
4.199899e-03,1.908396e+02,-1.950700e+01,1.043476e-01
4.249835e-03,1.877987e+02,-1.938493e+01,1.043476e-01
4.299968e-03,1.848314e+02,-1.926464e+01,1.043476e-01
4.349960e-03,1.819537e+02,-1.914687e+01,1.043476e-01
4.399971e-03,1.791520e+02,-1.903118e+01,1.043476e-01
4.449994e-03,1.764266e+02,-1.891755e+01,1.043476e-01
4.499851e-03,1.737807e+02,-1.880631e+01,1.043476e-01
4.549878e-03,1.711966e+02,-1.869671e+01,1.043476e-01
4.599897e-03,1.686784e+02,-1.858905e+01,1.043476e-01
4.649903e-03,1.662256e+02,-1.848331e+01,1.043476e-01
4.699889e-03,1.638350e+02,-1.837939e+01,1.043476e-01
4.749849e-03,1.615040e+02,-1.827720e+01,1.043476e-01
4.799955e-03,1.592252e+02,-1.817645e+01,1.043476e-01
4.849845e-03,1.570103e+02,-1.807769e+01,1.043476e-01
4.899871e-03,1.548435e+02,-1.798023e+01,1.043476e-01
4.949849e-03,1.527309e+02,-1.788441e+01,1.043476e-01
4.999953e-03,1.506633e+02,-1.778993e+01,1.043476e-01
5.049999e-03,1.486484e+02,-1.769703e+01,1.043476e-01
5.099982e-03,1.466839e+02,-1.760579e+01,1.043476e-01
5.149895e-03,1.447692e+02,-1.751613e+01,1.043476e-01
5.199919e-03,1.428961e+02,-1.742773e+01,1.043476e-01
5.249862e-03,1.410683e+02,-1.734083e+01,1.043476e-01
5.299908e-03,1.392810e+02,-1.725516e+01,1.043476e-01
5.349863e-03,1.375385e+02,-1.717098e+01,1.043476e-01
5.399914e-03,1.358318e+02,-1.708794e+01,1.043476e-01
5.449863e-03,1.341676e+02,-1.700632e+01,1.043476e-01
5.499899e-03,1.325376e+02,-1.692577e+01,1.043476e-01
5.549823e-03,1.309462e+02,-1.684658e+01,1.043476e-01
5.599826e-03,1.293866e+02,-1.676838e+01,1.043476e-01
5.649904e-03,1.278587e+02,-1.669120e+01,1.043476e-01
5.699856e-03,1.263662e+02,-1.661527e+01,1.043476e-01
5.749875e-03,1.249033e+02,-1.654032e+01,1.043476e-01
5.799959e-03,1.234684e+02,-1.646630e+01,1.043476e-01
5.849904e-03,1.220666e+02,-1.639352e+01,1.043476e-01
5.899907e-03,1.207023e+02,-1.631989e+01,1.043476e-01
5.949963e-03,1.192210e+02,-1.623059e+01,1.043476e-01
5.999867e-03,1.175901e+02,-1.629707e+01,1.043476e-01
6.049818e-03,2.749529e+02,-3.640277e+01,1.043476e-01
6.099814e-03,2.259655e+04,-1.292859e+02,1.043476e-01
6.149850e-03,4.135016e+04,-1.903274e+02,1.043476e-01
6.199925e-03,3.154746e+04,-2.110300e+02,1.043476e-01
6.249818e-03,2.035295e+04,-2.163663e+02,1.043476e-01
6.299901e-03,1.427157e+04,-2.208447e+02,1.043476e-01
6.350004e-03,9.984155e+03,-2.271752e+02,1.043476e-01
6.400001e-03,5.782286e+03,-2.181028e+02,1.043476e-01
6.450005e-03,4.321596e+03,-2.344259e+02,1.043476e-01
6.500000e-03,2.169298e+03,-5.318213e+02,1.043476e-01
6.550005e-03,1.205372e+02,-1.057012e+03,1.043476e-01
6.599989e-03,1.233546e+02,-1.053713e+03,1.043476e-01
6.650003e-03,1.242092e+02,-1.051767e+03,1.043476e-01
6.700006e-03,1.249818e+02,-1.049836e+03,1.043476e-01
6.750007e-03,1.257924e+02,-1.048208e+03,1.043476e-01
6.800007e-03,1.261965e+02,-1.046473e+03,1.043476e-01
6.850007e-03,1.273936e+02,-1.044921e+03,1.043476e-01
6.900007e-03,1.278278e+02,-1.042874e+03,1.043476e-01
6.950008e-03,1.288086e+02,-1.041218e+03,1.043476e-01
7.000009e-03,1.292376e+02,-1.040176e+03,1.043476e-01
7.050009e-03,1.297441e+02,-1.038212e+03,1.043476e-01
7.100009e-03,1.313085e+02,-1.036491e+03,1.043476e-01
7.150009e-03,1.309714e+02,-1.034404e+03,1.043476e-01
7.200008e-03,1.331374e+02,-1.034058e+03,1.043476e-01
7.250009e-03,1.325122e+02,-1.032848e+03,1.043476e-01
7.300009e-03,1.333569e+02,-1.031249e+03,1.043476e-01
7.350010e-03,1.347299e+02,-1.028833e+03,1.043476e-01
7.400010e-03,1.362164e+02,-1.028988e+03,1.043476e-01
7.450011e-03,1.353717e+02,-1.026856e+03,1.043476e-01
7.500010e-03,1.349775e+02,-1.024704e+03,1.043476e-01
7.550010e-03,1.381425e+02,-1.023852e+03,1.043476e-01
7.600011e-03,1.390060e+02,-1.024152e+03,1.043476e-01
7.650011e-03,1.366255e+02,-1.021478e+03,1.043476e-01
7.700012e-03,1.358805e+02,-1.019574e+03,1.043476e-01
7.750012e-03,1.381950e+02,-1.019064e+03,1.043476e-01
7.800012e-03,1.395868e+02,-1.019382e+03,1.043476e-01
7.850013e-03,1.389105e+02,-1.017774e+03,1.043476e-01
7.900013e-03,1.388381e+02,-1.014792e+03,1.043476e-01
7.950013e-03,1.411289e+02,-1.015156e+03,1.043476e-01
8.000012e-03,1.427523e+02,-1.014024e+03,1.043476e-01
8.050012e-03,1.430081e+02,-1.011882e+03,1.043476e-01
8.100012e-03,1.440482e+02,-1.012738e+03,1.043476e-01
8.150012e-03,1.447373e+02,-1.013645e+03,1.043476e-01
8.200012e-03,1.450168e+02,-1.011717e+03,1.043476e-01
8.250013e-03,1.438997e+02,-1.010419e+03,1.043476e-01
8.300013e-03,1.406510e+02,-1.008174e+03,1.043476e-01
8.350013e-03,1.390215e+02,-1.005015e+03,1.043476e-01
8.400014e-03,1.414316e+02,-1.005922e+03,1.043476e-01
8.450015e-03,1.435391e+02,-1.005009e+03,1.043476e-01
8.500014e-03,1.439408e+02,-1.005283e+03,1.043476e-01
8.550015e-03,1.438391e+02,-1.003999e+03,1.043476e-01
8.600015e-03,1.415345e+02,-1.002294e+03,1.043476e-01
8.650014e-03,1.372801e+02,-9.983544e+02,1.043476e-01
8.700014e-03,1.336245e+02,-9.949688e+02,1.043476e-01
8.750015e-03,1.314052e+02,-9.915016e+02,1.043476e-01
8.800016e-03,1.271990e+02,-9.863212e+02,1.043476e-01
8.850016e-03,1.225855e+02,-9.814723e+02,1.043476e-01
8.900016e-03,1.167178e+02,-9.760096e+02,1.043476e-01
8.950016e-03,1.109350e+02,-9.700362e+02,1.043476e-01
9.000015e-03,1.071408e+02,-9.658845e+02,1.043476e-01
9.050016e-03,1.042069e+02,-9.625190e+02,1.043476e-01
9.100016e-03,9.872686e+01,-9.572781e+02,1.043476e-01
9.150018e-03,9.476109e+01,-9.518865e+02,1.043476e-01
9.200017e-03,9.160357e+01,-9.469155e+02,1.043476e-01
9.250017e-03,8.915598e+01,-9.418506e+02,1.043476e-01
9.300017e-03,8.989737e+01,-9.410736e+02,1.043476e-01
9.350017e-03,8.828028e+01,-9.385333e+02,1.043476e-01
9.400018e-03,8.458622e+01,-9.334324e+02,1.043476e-01
9.450017e-03,8.308626e+01,-9.295694e+02,1.043476e-01
9.500019e-03,8.232030e+01,-9.270787e+02,1.043476e-01
9.550019e-03,8.067974e+01,-9.239133e+02,1.043476e-01
9.600018e-03,7.861989e+01,-9.209400e+02,1.043476e-01
9.650018e-03,7.633796e+01,-9.166939e+02,1.043476e-01
9.700018e-03,7.379846e+01,-9.123264e+02,1.043476e-01
9.750018e-03,7.310598e+01,-9.093651e+02,1.043476e-01
9.800018e-03,6.994241e+01,-9.052068e+02,1.043476e-01
9.850020e-03,6.695796e+01,-8.994716e+02,1.043476e-01
9.900019e-03,6.645251e+01,-8.979830e+02,1.043476e-01
9.950018e-03,6.505693e+01,-8.949451e+02,1.043476e-01
1.000002e-02,6.243265e+01,-8.906030e+02,1.043476e-01
1.005002e-02,6.144399e+01,-8.873753e+02,1.043476e-01
1.010002e-02,6.012398e+01,-8.853008e+02,1.043476e-01
1.015002e-02,5.770799e+01,-8.806588e+02,1.043476e-01
1.020002e-02,5.489725e+01,-8.748320e+02,1.043476e-01
1.025002e-02,5.395873e+01,-8.718693e+02,1.043476e-01
1.030002e-02,5.248320e+01,-8.684114e+02,1.043476e-01
1.035002e-02,5.052231e+01,-8.647803e+02,1.043476e-01
1.040002e-02,5.005741e+01,-8.635667e+02,1.043476e-01
1.045002e-02,4.893881e+01,-8.620916e+02,1.043476e-01
1.050002e-02,4.763887e+01,-8.592609e+02,1.043476e-01
1.055002e-02,4.560671e+01,-8.554139e+02,1.043476e-01
1.060002e-02,4.384921e+01,-8.522362e+02,1.043476e-01
1.065002e-02,4.275163e+01,-8.504022e+02,1.043476e-01
1.070002e-02,4.141322e+01,-8.488607e+02,1.043476e-01
1.075002e-02,3.920382e+01,-8.444728e+02,1.043476e-01
1.080002e-02,3.746380e+01,-8.399704e+02,1.043476e-01
1.085002e-02,3.719288e+01,-8.386519e+02,1.043476e-01
1.090002e-02,3.648928e+01,-8.368636e+02,1.043476e-01
1.095002e-02,3.587654e+01,-8.355155e+02,1.043476e-01
1.100002e-02,3.466854e+01,-8.333834e+02,1.043476e-01
1.105002e-02,3.295374e+01,-8.286550e+02,1.043476e-01
1.110002e-02,3.215064e+01,-8.263115e+02,1.043476e-01
1.115002e-02,3.218630e+01,-8.263712e+02,1.043476e-01
1.120002e-02,3.119804e+01,-8.239468e+02,1.043476e-01
1.125003e-02,2.972085e+01,-8.198832e+02,1.043476e-01
1.130003e-02,2.868160e+01,-8.164957e+02,1.043476e-01
1.135002e-02,2.818166e+01,-8.148391e+02,1.043476e-01
1.140002e-02,2.753546e+01,-8.128583e+02,1.043476e-01
1.145002e-02,2.643764e+01,-8.092276e+02,1.043476e-01
1.150002e-02,2.587310e+01,-8.067498e+02,1.043476e-01
1.155002e-02,2.546129e+01,-8.057800e+02,1.043476e-01
1.160003e-02,2.467078e+01,-8.039715e+02,1.043476e-01
1.165003e-02,2.367466e+01,-8.009469e+02,1.043476e-01
1.170002e-02,2.299317e+01,-7.982974e+02,1.043476e-01
1.175003e-02,2.227185e+01,-7.954959e+02,1.043476e-01
1.180002e-02,2.171604e+01,-7.927319e+02,1.043476e-01
1.185003e-02,2.113313e+01,-7.905707e+02,1.043476e-01
1.190003e-02,2.042751e+01,-7.878468e+02,1.043476e-01
1.195003e-02,1.996124e+01,-7.857927e+02,1.043476e-01
1.200003e-02,1.949135e+01,-7.832664e+02,1.043476e-01
1.205003e-02,1.869101e+01,-7.795883e+02,1.043476e-01
1.210002e-02,1.799355e+01,-7.768253e+02,1.043476e-01
1.215003e-02,1.746572e+01,-7.752978e+02,1.043476e-01
1.220003e-02,1.683381e+01,-7.733558e+02,1.043476e-01
1.225002e-02,1.639925e+01,-7.712161e+02,1.043476e-01
1.230003e-02,1.606977e+01,-7.694294e+02,1.043476e-01
1.235002e-02,1.568780e+01,-7.675016e+02,1.043476e-01
1.240003e-02,1.529066e+01,-7.654589e+02,1.043476e-01
1.245003e-02,1.472378e+01,-7.629553e+02,1.043476e-01
1.250003e-02,1.424209e+01,-7.606946e+02,1.043476e-01
1.255003e-02,1.390010e+01,-7.591385e+02,1.043476e-01
1.260003e-02,1.348576e+01,-7.573104e+02,1.043476e-01
1.265003e-02,1.312007e+01,-7.555204e+02,1.043476e-01
1.270003e-02,1.281781e+01,-7.537241e+02,1.043476e-01
1.275003e-02,1.249361e+01,-7.513694e+02,1.043476e-01
1.280003e-02,1.217336e+01,-7.490489e+02,1.043476e-01
1.285003e-02,1.186375e+01,-7.470503e+02,1.043476e-01
1.290003e-02,1.148432e+01,-7.451048e+02,1.043476e-01
1.295003e-02,1.102873e+01,-7.424039e+02,1.043476e-01
1.300003e-02,1.059185e+01,-7.396700e+02,1.043476e-01
1.305003e-02,1.024933e+01,-7.375658e+02,1.043476e-01
1.310003e-02,9.994585e+00,-7.357031e+02,1.043476e-01
1.315003e-02,9.697038e+00,-7.339763e+02,1.043476e-01
1.320003e-02,9.410845e+00,-7.324651e+02,1.043476e-01
1.325003e-02,9.176651e+00,-7.308238e+02,1.043476e-01
1.330003e-02,8.963822e+00,-7.289949e+02,1.043476e-01
1.335003e-02,8.749103e+00,-7.268319e+02,1.043476e-01
1.340003e-02,8.546533e+00,-7.249802e+02,1.043476e-01
1.345003e-02,8.331140e+00,-7.229987e+02,1.043476e-01
1.350003e-02,8.154917e+00,-7.212204e+02,1.043476e-01
1.355003e-02,7.960854e+00,-7.194048e+02,1.043476e-01
1.360003e-02,7.735930e+00,-7.172656e+02,1.043476e-01
1.365003e-02,7.514913e+00,-7.151368e+02,1.043476e-01
1.370003e-02,7.294198e+00,-7.131205e+02,1.043476e-01
1.375003e-02,7.108245e+00,-7.113693e+02,1.043476e-01
1.380003e-02,6.912722e+00,-7.095251e+02,1.043476e-01
1.385003e-02,6.678232e+00,-7.073420e+02,1.043476e-01
1.390004e-02,6.465898e+00,-7.053342e+02,1.043476e-01
1.395003e-02,6.275916e+00,-7.035782e+02,1.043476e-01
1.400003e-02,6.081788e+00,-7.015421e+02,1.043476e-01
1.405003e-02,5.935788e+00,-6.998242e+02,1.043476e-01
1.410003e-02,5.805113e+00,-6.984120e+02,1.043476e-01
1.415003e-02,5.662516e+00,-6.968702e+02,1.043476e-01
1.420003e-02,5.524984e+00,-6.951410e+02,1.043476e-01
1.425004e-02,5.403016e+00,-6.937488e+02,1.043476e-01
1.430003e-02,5.279310e+00,-6.923583e+02,1.043476e-01
1.435003e-02,5.159276e+00,-6.905646e+02,1.043476e-01
1.440003e-02,5.053634e+00,-6.843784e+02,1.043476e-01
1.445003e-02,4.966073e+00,-6.748444e+02,1.043476e-01
1.450004e-02,4.897745e+00,-6.662682e+02,1.043476e-01
1.455003e-02,4.833371e+00,-6.581578e+02,1.043476e-01
1.460003e-02,4.782074e+00,-6.497021e+02,1.043476e-01
1.465003e-02,4.709346e+00,-6.420018e+02,1.043476e-01
1.470004e-02,4.634883e+00,-6.362686e+02,1.043476e-01
1.475004e-02,4.612021e+00,-6.322120e+02,1.043476e-01
1.480003e-02,4.605596e+00,-6.269202e+02,1.043476e-01
1.485004e-02,4.589944e+00,-6.201961e+02,1.043476e-01
1.490003e-02,4.560009e+00,-6.125267e+02,1.043476e-01
1.495003e-02,4.504886e+00,-6.032431e+02,1.043476e-01
1.500001e-02,4.471019e+00,-5.941833e+02,1.043476e-01
